Workbook

Sheet Summary
A1: Question check: quick subset review (October 2026)
A2: How to fill in: on each subject sheet, choose a value in the yellow "Rob's decision" column (Use suggested fix, Keep as is, Remove, or I'll edit with your wording in "Rob's note").
A3: Method: every question in all 135 packs was scanned automatically (give-away answers, missing Calc tags, marking notes in Accept, cross-pack duplicates, spacing), and a stratified random sample of at least 3 per pack (one per difficulty, plus a calculation and a Higher-only question where the pack has them) was reviewed by hand, with every sampled calculation worked out independently.
A4: Specifications were not re-fetched from the exam boards for this quick check; spec references and Higher-tier tags are as validated by tools/packs.js against packs/specs/.
A5: Totals and sample sizes are counted from packs/ (hardcoded); flag counts are formulas that count the subject sheets.
A7: Subject | B7: Board | C7: Total questions | D7: Reviewed by hand | E7: Wrong | F7: Doubtful | G7: Minor | H7: All flags
A8: Biology | B8: AQA | C8: 414 | D8: 27 | E8: =COUNTIFS(Biology!$B$2:$B$300,$B8,Biology!$K$2:$K$300,"Wrong") | F8: =COUNTIFS(Biology!$B$2:$B$300,$B8,Biology!$K$2:$K$300,"Doubtful") | G8: =COUNTIFS(Biology!$B$2:$B$300,$B8,Biology!$K$2:$K$300,"Minor") | H8: =SUM(E8:G8)
A9: Biology | B9: Edexcel | C9: 597 | D9: 35 | E9: =COUNTIFS(Biology!$B$2:$B$300,$B9,Biology!$K$2:$K$300,"Wrong") | F9: =COUNTIFS(Biology!$B$2:$B$300,$B9,Biology!$K$2:$K$300,"Doubtful") | G9: =COUNTIFS(Biology!$B$2:$B$300,$B9,Biology!$K$2:$K$300,"Minor") | H9: =SUM(E9:G9)
A10: Chemistry | B10: AQA | C10: 592 | D10: 47 | E10: =COUNTIFS(Chemistry!$B$2:$B$300,$B10,Chemistry!$K$2:$K$300,"Wrong") | F10: =COUNTIFS(Chemistry!$B$2:$B$300,$B10,Chemistry!$K$2:$K$300,"Doubtful") | G10: =COUNTIFS(Chemistry!$B$2:$B$300,$B10,Chemistry!$K$2:$K$300,"Minor") | H10: =SUM(E10:G10)
A11: Chemistry | B11: Edexcel | C11: 845 | D11: 42 | E11: =COUNTIFS(Chemistry!$B$2:$B$300,$B11,Chemistry!$K$2:$K$300,"Wrong") | F11: =COUNTIFS(Chemistry!$B$2:$B$300,$B11,Chemistry!$K$2:$K$300,"Doubtful") | G11: =COUNTIFS(Chemistry!$B$2:$B$300,$B11,Chemistry!$K$2:$K$300,"Minor") | H11: =SUM(E11:G11)
A12: Physics | B12: AQA | C12: 475 | D12: 38 | E12: =COUNTIFS(Physics!$B$2:$B$300,$B12,Physics!$K$2:$K$300,"Wrong") | F12: =COUNTIFS(Physics!$B$2:$B$300,$B12,Physics!$K$2:$K$300,"Doubtful") | G12: =COUNTIFS(Physics!$B$2:$B$300,$B12,Physics!$K$2:$K$300,"Minor") | H12: =SUM(E12:G12)
A13: Physics | B13: Edexcel | C13: 1127 | D13: 70 | E13: =COUNTIFS(Physics!$B$2:$B$300,$B13,Physics!$K$2:$K$300,"Wrong") | F13: =COUNTIFS(Physics!$B$2:$B$300,$B13,Physics!$K$2:$K$300,"Doubtful") | G13: =COUNTIFS(Physics!$B$2:$B$300,$B13,Physics!$K$2:$K$300,"Minor") | H13: =SUM(E13:G13)
A14: Maths | B14: AQA | C14: 432 | D14: 24 | E14: =COUNTIFS(Maths!$B$2:$B$300,$B14,Maths!$K$2:$K$300,"Wrong") | F14: =COUNTIFS(Maths!$B$2:$B$300,$B14,Maths!$K$2:$K$300,"Doubtful") | G14: =COUNTIFS(Maths!$B$2:$B$300,$B14,Maths!$K$2:$K$300,"Minor") | H14: =SUM(E14:G14)
A15: Maths | B15: Edexcel | C15: 436 | D15: 24 | E15: =COUNTIFS(Maths!$B$2:$B$300,$B15,Maths!$K$2:$K$300,"Wrong") | F15: =COUNTIFS(Maths!$B$2:$B$300,$B15,Maths!$K$2:$K$300,"Doubtful") | G15: =COUNTIFS(Maths!$B$2:$B$300,$B15,Maths!$K$2:$K$300,"Minor") | H15: =SUM(E15:G15)
A16: History | B16: AQA | C16: 755 | D16: 48 | E16: =COUNTIFS(History!$B$2:$B$300,$B16,History!$K$2:$K$300,"Wrong") | F16: =COUNTIFS(History!$B$2:$B$300,$B16,History!$K$2:$K$300,"Doubtful") | G16: =COUNTIFS(History!$B$2:$B$300,$B16,History!$K$2:$K$300,"Minor") | H16: =SUM(E16:G16)
A17: History | B17: Edexcel | C17: 943 | D17: 51 | E17: =COUNTIFS(History!$B$2:$B$300,$B17,History!$K$2:$K$300,"Wrong") | F17: =COUNTIFS(History!$B$2:$B$300,$B17,History!$K$2:$K$300,"Doubtful") | G17: =COUNTIFS(History!$B$2:$B$300,$B17,History!$K$2:$K$300,"Minor") | H17: =SUM(E17:G17)
A18: Geography | B18: AQA | C18: 562 | D18: 39 | E18: =COUNTIFS(Geography!$B$2:$B$300,$B18,Geography!$K$2:$K$300,"Wrong") | F18: =COUNTIFS(Geography!$B$2:$B$300,$B18,Geography!$K$2:$K$300,"Doubtful") | G18: =COUNTIFS(Geography!$B$2:$B$300,$B18,Geography!$K$2:$K$300,"Minor") | H18: =SUM(E18:G18)
A19: Geography | B19: Edexcel | C19: 831 | D19: 57 | E19: =COUNTIFS(Geography!$B$2:$B$300,$B19,Geography!$K$2:$K$300,"Wrong") | F19: =COUNTIFS(Geography!$B$2:$B$300,$B19,Geography!$K$2:$K$300,"Doubtful") | G19: =COUNTIFS(Geography!$B$2:$B$300,$B19,Geography!$K$2:$K$300,"Minor") | H19: =SUM(E19:G19)
A20: Total | C20: =SUM(C8:C19) | D20: =SUM(D8:D19) | E20: =SUM(E8:E19) | F20: =SUM(F8:F19) | G20: =SUM(G8:G19) | H20: =SUM(H8:H19)

Sheet Biology
A1: ID | B1: Board | C1: Subject | D1: Course | E1: Tier | F1: Topic | G1: Spec ref | H1: Question | I1: Answer | J1: Accepted answers | K1: Grade | L1: Reason | M1: Suggested fix | N1: Rob's decision | O1: Rob's note
A2: aqa-bio-4.1-018 | B2: AQA | C2: Biology | D2: Separate and Combined | E2: Both | F2: 4.1 | G2: 4.1.1.5 | H2: A cell image is 4 mm wide at ×400 magnification. What is the real width in micrometres? | I2: 10 µm | J2: 10 micrometres; 0.01 mm | K2: Minor | L2: Multi-step calculation without the Calc tag, so it gets no extra working time where the games allow it. Answer checked and correct. | M2: Add "Calc: yes".
A3: aqa-bio-4.1-021 | B3: AQA | C3: Biology | D3: Separate and Combined | E3: Both | F3: 4.1 | G3: 4.1.1.6 | H3: A bacterium divides every 20 minutes. Starting with one bacterium, how many will there be after 2 hours? | I3: 64 | J3: Sixty-four; 2⁶ | K3: Minor | L3: Multi-step calculation without the Calc tag, so it gets no extra working time where the games allow it. Answer checked and correct. | M3: Add "Calc: yes".
A4: aqa-bio-4.1-024 | B4: AQA | C4: Biology | D4: Separate and Combined | E4: Both | F4: 4.1 | G4: 4.1.1.6 | H4: A clear zone has a radius of 2 cm. Using area = πr² with π = 3, what is its area? | I4: 12 cm² | J4: 12 square centimetres | K4: Minor | L4: Multi-step calculation without the Calc tag, so it gets no extra working time where the games allow it. Answer checked and correct. | M4: Add "Calc: yes".
A5: aqa-bio-4.1-038 | B5: AQA | C5: Biology | D5: Separate and Combined | E5: Both | F5: 4.1 | G5: 4.1.3.1 | H5: A cube has sides of 2 cm. What is its surface area to volume ratio? | I5: 3:1 | J5: 24:8; 3 | K5: Minor | L5: Multi-step calculation without the Calc tag, so it gets no extra working time where the games allow it. Answer checked and correct. | M5: Add "Calc: yes".
A6: aqa-bio-4.2-014 | B6: AQA | C6: Biology | D6: Separate and Combined | E6: Both | F6: 4.2 | G6: 4.2.2.1 | H6: All the starch was digested in 50 seconds. Using rate = 1000 ÷ time, what is the rate? | I6: 20 s⁻¹ | J6: 20; 20 per second; 20 /s; 20 per s | K6: Minor | L6: Multi-step calculation without the Calc tag, so it gets no extra working time where the games allow it. Answer checked and correct. | M6: Add "Calc: yes".
A7: aqa-bio-4.2-020 | B7: AQA | C7: Biology | D7: Separate and Combined | E7: Both | F7: 4.2 | G7: 4.2.2.2 | H7: 1500 ml of blood flows through a vessel in 5 minutes. What is the rate of blood flow? | I7: 300 ml/min | J7: 300 ml per minute; 300 cm³/min; 300 | K7: Minor | L7: Multi-step calculation without the Calc tag, so it gets no extra working time where the games allow it. Answer checked and correct. | M7: Add "Calc: yes".
A8: aqa-bio-4.7-019 | B8: AQA | C8: Biology | D8: Separate and Combined | E8: Both | F8: 4.7 | G8: 4.7.2.1 | H8: Five quadrats contain 3, 5, 6, 8 and 8 buttercups. What is the mean number per quadrat? | I8: 6 | J8: Six; 6 buttercups | K8: Minor | L8: Multi-step calculation without the Calc tag, so it gets no extra working time where the games allow it. Answer checked and correct. | M8: Add "Calc: yes".
A9: aqa-bio-4.7-021 | B9: AQA | C9: Biology | D9: Separate and Combined | E9: Both | F9: 4.7 | G9: 4.7.2.1 | H9: The mean is 4 dandelions per 0.25 m² quadrat. Estimate the number of dandelions in a 100 m² field. | I9: 1600 | J9: 1600 dandelions | K9: Minor | L9: Multi-step calculation without the Calc tag, so it gets no extra working time where the games allow it. Answer checked and correct. | M9: Add "Calc: yes".
A10: aqa-bio-4.7-066 | B10: AQA | C10: Biology | D10: Separate and Combined | E10: Both | F10: 4.7 | G10: 4.7.4.3 | H10: One trophic level has 500 g of biomass and the next has 25 g. What is the percentage efficiency of transfer? | I10: 5% | J10: 5; 5 per cent | K10: Minor | L10: Multi-step calculation without the Calc tag, so it gets no extra working time where the games allow it. Answer checked and correct. | M10: Add "Calc: yes".
A11: edexcel-bio-1-020 | B11: Edexcel | C11: Biology | D11: Separate and Combined | E11: Both | F11: 1 | G11: 1.6 | H11: A cell image is 6 mm wide at ×300 magnification. What is the real width in micrometres? | I11: 20 µm | J11: 20 micrometres; 0.02 mm | K11: Minor | L11: Multi-step calculation without the Calc tag, so it gets no extra working time where the games allow it. Answer checked and correct. | M11: Add "Calc: yes".
A12: edexcel-bio-1-039 | B12: Edexcel | C12: Biology | D12: Separate and Combined | E12: Both | F12: 1 | G12: 1.11 | H12: An enzyme reaction produces 60 cm³ of gas in 2 minutes. What is the rate in cm³ per second? | I12: 0.5 cm³/s | J12: 0.5 cm³ per second; 0.5 cm³ s⁻¹ | K12: Minor | L12: Multi-step calculation without the Calc tag, so it gets no extra working time where the games allow it. Answer checked and correct. | M12: Add "Calc: yes".
A13: edexcel-bio-1-051 | B13: Edexcel | C13: Biology | D13: Separate and Combined | E13: Both | F13: 1 | G13: 1.14B | H13: A 2 g food sample heats 20 g of water by 10 °C. Use energy = mass × 4.2 × temperature rise. What is the energy per gram? | I13: 420 J/g | J13: 420 J per gram; 420 | K13: Minor | L13: Multi-step calculation without the Calc tag, so it gets no extra working time where the games allow it. Answer checked and correct. | M13: Add "Calc: yes".
... A28: edexcel-bio-9-027 | B28: Edexcel | C28: Biology | D28: Separate and Combined | E28: Both | F28: 9 | G28: 9.8B | H28: Grass has 10 000 kJ and rabbits get 1000 kJ. What is the efficiency of the energy transfer? | I28: 10% | J28: 10 percent | K28: Minor | L28: Multi-step calculation without the Calc tag, so it gets no extra working time where the games allow it. Answer checked and correct. | M28: Add "Calc: yes".
A29: edexcel-bio-9-028 | B29: Edexcel | C29: Biology | D29: Separate and Combined | E29: Both | F29: 9 | G29: 9.8B | H29: A level has 2000 kJ and 5% passes to the next level. How much energy is transferred? | I29: 100 kJ | K29: Minor | L29: Multi-step calculation without the Calc tag, so it gets no extra working time where the games allow it. Answer checked and correct. | M29: Add "Calc: yes".
A30: edexcel-bio-9-029 | B30: Edexcel | C30: Biology | D30: Separate and Combined | E30: Both | F30: 9 | G30: 9.8B | H30: Producers have 1000 g of biomass and primary consumers 150 g. What percentage of the biomass is transferred? | I30: 15% | J30: 15 percent | K30: Minor | L30: Multi-step calculation without the Calc tag, so it gets no extra working time where the games allow it. Answer checked and correct. | M30: Add "Calc: yes".
A31: edexcel-bio-9-030 | B31: Edexcel | C31: Biology | D31: Separate and Combined | E31: Both | F31: 9 | G31: 9.8B | H31: Primary consumers have 400 kJ and secondary consumers 20 kJ. What percentage of energy is lost? | I31: 95% | J31: 95 percent | K31: Minor | L31: Multi-step calculation without the Calc tag, so it gets no extra working time where the games allow it. Answer checked and correct. | M31: Add "Calc: yes".

Sheet Chemistry
A1: ID | B1: Board | C1: Subject | D1: Course | E1: Tier | F1: Topic | G1: Spec ref | H1: Question | I1: Answer | J1: Accepted answers | K1: Grade | L1: Reason | M1: Suggested fix | N1: Rob's decision | O1: Rob's note
A2: No flags in this subject.

Sheet Physics
A1: ID | B1: Board | C1: Subject | D1: Course | E1: Tier | F1: Topic | G1: Spec ref | H1: Question | I1: Answer | J1: Accepted answers | K1: Grade | L1: Reason | M1: Suggested fix | N1: Rob's decision | O1: Rob's note
A2: aqa-phys-4.3-043 | B2: AQA | C2: Physics | D2: Separate and Combined | E2: Both | F2: 4.3 | G2: 4.3.1.2 | H2: What is the change of state from liquid to gas at the boiling point called? | I2: Boiling | K2: Minor | L2: "At the boiling point" gives away "Boiling"; evaporation is also a liquid-to-gas change, so the question is weak. | M2: Reword: "What is the change of state from liquid to gas called?" (A: Boiling or evaporating; Accept: Evaporation; Vaporisation)

Sheet Maths
A1: ID | B1: Board | C1: Subject | D1: Course | E1: Tier | F1: Topic | G1: Spec ref | H1: Question | I1: Answer | J1: Accepted answers | K1: Grade | L1: Reason | M1: Suggested fix | N1: Rob's decision | O1: Rob's note
A2: No flags in this subject.

Sheet History
A1: ID | B1: Board | C1: Subject | D1: Course | E1: Tier | F1: Topic | G1: Spec ref | H1: Question | I1: Answer | J1: Accepted answers | K1: Grade | L1: Reason | M1: Suggested fix | N1: Rob's decision | O1: Rob's note
A2: aqa-hist-1BA-039 | B2: AQA | C2: History | D2: n/a | E2: Both | F2: 1BA | G2: 1BA.3.3 | H2: In which forest near Compiègne was the armistice of November 1918 signed? | I2: Compiègne | J2: Compiegne; Compiègne Forest | K2: Minor | L2: The question names Compiègne, which is the answer, so it gives itself away. | M2: Reword: "In which French forest was the armistice of November 1918 signed, in a railway carriage?" (A: Compiègne)
A3: aqa-hist-1BB-010 | B3: AQA | C3: History | D3: n/a | E3: Both | F3: 1BB | G3: 1BB.1.2 | H3: What was the maximum size of the German army allowed by the treaty? | I3: 100,000 men | J3: 100000; 100,000 soldiers | K3: Minor | L3: "The treaty" is not named; the question needs it to stand alone in a mixed game. | M3: Reword: "What was the maximum size of the German army allowed by the Treaty of Versailles?"
A4: edexcel-hist-B1-021 | B4: Edexcel | C4: History | D4: n/a | E4: Both | F4: B1 | G4: B1.2.1 | H4: Against which people were the Marcher earldoms on the Welsh border mainly meant to defend England? | I4: The Welsh | J4: Welsh | K4: Minor | L4: "On the Welsh border" gives the answer "The Welsh". | M4: Reword: "Which earldoms did William create on the border with Wales to defend England?" (A: Marcher earldoms)
A5: edexcel-hist-B2-018 | B5: Edexcel | C5: History | D5: n/a | E5: Both | F5: B2 | G5: B2.1.4 | H5: Who held England's Jews and their debts as the king's own property? | I5: The king | J5: King; Crown | K5: Minor | L5: "The king's own property" gives the answer "The king". | M5: Reword: "Under Richard and John, whose property were England's Jews and their debts?" (A: The king's)
A6: edexcel-hist-P3-026 | B6: Edexcel | C6: History | D6: n/a | E6: Both | F6: P3 | G6: P3.2.3 | H6: Which Sioux leader fought Red Cloud's War of 1866-68 against the Bozeman Trail forts? | I6: Red Cloud | J6: Chief Red Cloud | K6: Minor | L6: The war is named after its leader, so the question gives the answer (Red Cloud). | M6: Reword: "Which Sioux leader forced the US to abandon the Bozeman Trail forts in 1868?" (A: Red Cloud)

Sheet Geography
A1: ID | B1: Board | C1: Subject | D1: Course | E1: Tier | F1: Topic | G1: Spec ref | H1: Question | I1: Answer | J1: Accepted answers | K1: Grade | L1: Reason | M1: Suggested fix | N1: Rob's decision | O1: Rob's note
A2: aqa-geog-3.2.3.1-029 | B2: AQA | C2: Geography | D2: n/a | E2: Both | F2: 3.2.3.1 | G2: 3.2.3.1.2 | H2: Name one renewable energy source whose share of UK electricity has grown strongly, especially offshore. | I2: Wind | J2: Wind power; Offshore wind; Solar; Biomass | K2: Minor | L2: The question asks for one source growing "especially offshore", but Solar and Biomass are also accepted. | M2: Remove Solar and Biomass from Accept, or drop "especially offshore" from the question.
A3: aqa-geog-3.2.3.3-025 | B3: AQA | C3: Geography | D3: n/a | E3: Both | F3: 3.2.3.3 | G3: 3.2.3.3.2 | H3: Which country receives money for water sold through the Lesotho Highlands Water Project? | I3: Lesotho | K3: Minor | L3: The project name contains the answer (Lesotho). | M3: Reword: "The Lesotho Highlands Water Project sells water to which neighbouring country?" (A: South Africa)
A4: edexcel-geog-1ga0-2-003 | B4: Edexcel | C4: Geography | D4: n/a | E4: Both | F4: 2 | G4: 2.1 | H4: What kind of pressure belt forms where air rises at the equator, bringing heavy rainfall? | I4: Low pressure | J4: Low pressure belt; ITCZ | K4: Minor | L4: The question asks what kind of pressure belt; ITCZ names the zone, not the kind of pressure. | M4: Remove "ITCZ" from Accept (or keep it, since teachers may accept it).
