Workbook

Sheet Summary
A1: Science question review (Biology, Chemistry, Physics; AQA and Edexcel; separate and Combined Science)
A2: How to fill in: on each subject sheet, choose a value in the yellow "Rob's decision" column: Use suggested fix, Keep as is, Remove, or I'll edit (put your wording in "Rob's note"). Then upload the file back to review/ with the same name.
A3: Method: every question was reviewed by an independent reviewer, pack by pack, against the specification text; every numerical answer (found by its content, not the Calc tag) was recalculated with a script (tools/review/calc_check.py). Only flagged questions are listed, Wrong first, then Doubtful, then Minor.
A4: Specifications used: AQA 8461 Biology, version 1.0 (21 April 2016); AQA 8462 Chemistry, version 1.1 (4 October 2019); AQA 8463 Physics, version 1.1 (30 September 2019); AQA 8464 Combined Science: Trilogy, version 1.1 (4 October 2019); Edexcel 1BI0 Biology, 1CH0 Chemistry and 1PH0 Physics, Issue 4; Edexcel 1SC0 Combined Science, Issue 6.
A5: Question, reviewed and recalculated counts are counted from the packs and review files (hardcoded); flag counts are formulas over the subject sheets.
A7: Subject | B7: Board | C7: Questions | D7: Reviewed | E7: Recalculated | F7: Wrong | G7: Doubtful | H7: Minor | I7: All flags
A8: Biology | B8: AQA | C8: 414 | D8: 414 | E8: 19 | F8: =COUNTIFS(Biology!$B$2:$B$2000,$B8,Biology!$K$2:$K$2000,"Wrong") | G8: =COUNTIFS(Biology!$B$2:$B$2000,$B8,Biology!$K$2:$K$2000,"Doubtful") | H8: =COUNTIFS(Biology!$B$2:$B$2000,$B8,Biology!$K$2:$K$2000,"Minor") | I8: =SUM(F8:H8)
A9: Biology | B9: Edexcel | C9: 597 | D9: 597 | E9: 50 | F9: =COUNTIFS(Biology!$B$2:$B$2000,$B9,Biology!$K$2:$K$2000,"Wrong") | G9: =COUNTIFS(Biology!$B$2:$B$2000,$B9,Biology!$K$2:$K$2000,"Doubtful") | H9: =COUNTIFS(Biology!$B$2:$B$2000,$B9,Biology!$K$2:$K$2000,"Minor") | I9: =SUM(F9:H9)
A10: Chemistry | B10: AQA | C10: 592 | D10: 592 | E10: 47 | F10: =COUNTIFS(Chemistry!$B$2:$B$2000,$B10,Chemistry!$K$2:$K$2000,"Wrong") | G10: =COUNTIFS(Chemistry!$B$2:$B$2000,$B10,Chemistry!$K$2:$K$2000,"Doubtful") | H10: =COUNTIFS(Chemistry!$B$2:$B$2000,$B10,Chemistry!$K$2:$K$2000,"Minor") | I10: =SUM(F10:H10)
A11: Chemistry | B11: Edexcel | C11: 845 | D11: 845 | E11: 67 | F11: =COUNTIFS(Chemistry!$B$2:$B$2000,$B11,Chemistry!$K$2:$K$2000,"Wrong") | G11: =COUNTIFS(Chemistry!$B$2:$B$2000,$B11,Chemistry!$K$2:$K$2000,"Doubtful") | H11: =COUNTIFS(Chemistry!$B$2:$B$2000,$B11,Chemistry!$K$2:$K$2000,"Minor") | I11: =SUM(F11:H11)
A12: Physics | B12: AQA | C12: 475 | D12: 475 | E12: 81 | F12: =COUNTIFS(Physics!$B$2:$B$2000,$B12,Physics!$K$2:$K$2000,"Wrong") | G12: =COUNTIFS(Physics!$B$2:$B$2000,$B12,Physics!$K$2:$K$2000,"Doubtful") | H12: =COUNTIFS(Physics!$B$2:$B$2000,$B12,Physics!$K$2:$K$2000,"Minor") | I12: =SUM(F12:H12)
A13: Physics | B13: Edexcel | C13: 1127 | D13: 1127 | E13: 204 | F13: =COUNTIFS(Physics!$B$2:$B$2000,$B13,Physics!$K$2:$K$2000,"Wrong") | G13: =COUNTIFS(Physics!$B$2:$B$2000,$B13,Physics!$K$2:$K$2000,"Doubtful") | H13: =COUNTIFS(Physics!$B$2:$B$2000,$B13,Physics!$K$2:$K$2000,"Minor") | I13: =SUM(F13:H13)
A14: Total | C14: =SUM(C8:C13) | D14: =SUM(D8:D13) | E14: =SUM(E8:E13) | F14: =SUM(F8:F13) | G14: =SUM(G8:G13) | H14: =SUM(H8:H13) | I14: =SUM(I8:I13)

Sheet Biology
A1: ID | B1: Board | C1: Subject | D1: Course | E1: Tier | F1: Topic | G1: Spec ref | H1: Question | I1: Answer | J1: Accepted answers | K1: Grade | L1: Reason | M1: Suggested fix | N1: Rob's decision | O1: Rob's note
A2: edexcel-bio-5-018 | B2: Edexcel | C2: Biology | D2: Separate and Combined | E2: Both | F2: Health, disease and the development of medicines | G2: 5.5 | H2: Which bacterium causes stomach ulcers? | I2: Helicobacter | J2: Helicobacter pylori; H. pylori | K2: Wrong | L2: Helicobacter and stomach ulcers is spec point 5.5fB, which is separate science only; it is not in 1SC0 5.5, but the question is tagged Separate and Combined (combRef 5.5). | M2: Change course to Separate only (ref 5.5fB / 5.5, combRef blank).
A3: edexcel-bio-5-019 | B3: Edexcel | C3: Biology | D3: Separate and Combined | E3: Both | F3: Health, disease and the development of medicines | G3: 5.5 | H3: Ebola is caused by a virus. Name the type of illness it causes. | I3: Haemorrhagic fever | J3: Hemorrhagic fever | K3: Wrong | L3: Ebola is spec point 5.5gB, which is separate science only and not in 1SC0, but the question is tagged Separate and Combined (combRef 5.5). | M3: Change course to Separate only (combRef blank).
A4: edexcel-bio-5-025 | B4: Edexcel | C4: Biology | D4: Separate and Combined | E4: Both | F4: Health, disease and the development of medicines | G4: 5.6 | H4: Why must healthcare workers treating Ebola patients wear full protective clothing? | I4: Ebola spreads through body fluids | J4: Spread by body fluids; avoid contact with body fluids | K4: Wrong | L4: Ebola spread by body fluids is spec point 5.6fB, separate science only and absent from 1SC0, but the question is tagged Separate and Combined (combRef 5.6). Also hexOk is true on an explanation question. | M4: Change course to Separate only (combRef blank); set hexOk false.
A5: edexcel-bio-7-029 | B5: Edexcel | C5: Biology | D5: Separate and Combined | E5: Both | F5: Animal coordination, control and homeostasis | G5: 7.9 | H5: Name the three internal conditions controlled by homeostasis at GCSE. | I5: Body temperature, blood glucose, water content | J5: Temperature, blood sugar and water levels; Temperature, blood glucose concentration and water | K5: Doubtful | L5: Combined Science (1SC0) does not include thermoregulation or osmoregulation (7.10B–7.12B, 7.18B–7.22B are separate only; 1SC0 says so after 7.9), so asking Combined students for 'the three conditions controlled at GCSE' goes beyond their course. Also hexOk is true but the three can be listed in any order. | M5: Tag Separate only, or reword for Combined (e.g. ask for one condition kept constant) and set hexOk false.
A6: aqa-bio-4.1-006 | B6: AQA | C6: Biology | D6: Separate and Combined | E6: Both | F6: Cell biology | G6: 4.1.1.2 | H6: A light microscope has a ×10 eyepiece lens and a ×40 objective lens. What is the total magnification? | I6: ×400 | J6: 400; 400 times | K6: Minor | L6: Multiplication calculation (10 x 40) but calcTag is false. | M6: Set calcTag true.
A7: aqa-bio-4.1-008 | B7: AQA | C7: Biology | D7: Separate and Combined | E7: Both | F7: Cell biology | G7: 4.1.1.2 | H7: Apart from labels, what must a drawing of cells from the light microscope practical include? | I7: Magnification scale | J7: Scale bar; Magnification; Scale | K7: Minor | L7: hexOk is true with letter M, but a common correct answer is 'scale bar' (S), which is also in the accepted list. | M7: Set hexOk false, or keep answer as 'Scale' family consistently.
A8: aqa-bio-4.1-009 | B8: AQA | C8: Biology | D8: Separate and Combined | E8: Both | F8: Cell biology | G8: 4.1.1.2 | H8: Why is a layer of onion epidermis only one cell thick used on a microscope slide? | I8: Light can pass through it | J8: So light passes through; Cells do not overlap | K8: Minor | L8: Open 'why' question with hexOk true: correct answers start variously ('So light...', 'Thin enough...', 'Cells don't overlap'). | M8: Set hexOk false.
A9: aqa-bio-4.1-015 | B9: AQA | C9: Biology | D9: Separate and Combined | E9: Both | F9: Cell biology | G9: 4.1.1.4 | H9: How does the ability of many plant cells to differentiate differ from that of most animal cells? | I9: Plant cells differentiate throughout life | J9: Plant cells keep the ability to differentiate; Animal cells only differentiate early | K9: Minor | L9: hexOk true (P), but students will often answer 'Throughout life' or 'They keep the ability...' or start with 'Animal cells...'. | M9: Set hexOk false; accept 'Plants can differentiate throughout life'.
A10: aqa-bio-4.1-017 | B10: AQA | C10: Biology | D10: Separate and Combined | E10: Both | F10: Cell biology | G10: 4.1.1.5 | H10: An image of a cell is 50 mm wide and the real cell is 0.5 mm wide. What is the magnification? | I10: ×100 | J10: 100; 100 times | K10: Minor | L10: Magnification calculation (50 / 0.5) but calcTag is false. | M10: Set calcTag true.
A11: aqa-bio-4.1-020 | B11: AQA | C11: Biology | D11: Separate only | E11: Both | F11: Cell biology | G11: 4.1.1.6 | H11: Why are cultures in school laboratories generally incubated at 25 °C? | I11: Reduces growth of harmful pathogens | J11: Pathogens less likely to grow; Human pathogens grow best at 37 °C | K11: Minor | L11: hexOk true (R for 'Reduces'), but common correct answers start differently ('Less likely pathogens grow', 'Pathogens...', 'Safety'). | M11: Set hexOk false.
A12: aqa-bio-4.1-022 | B12: AQA | C12: Biology | D12: Separate only | E12: Higher only | F12: Cell biology | G12: 4.1.1.6 | H12: A population of 5 × 10⁶ bacteria doubles twice. How many bacteria are there now, in standard form? | I12: 2 × 10⁷ | J12: 2 x 10^7 | K12: Minor | L12: Calculation (5 x 10^6 x 4) but calcTag is false. | M12: Set calcTag true.
A13: aqa-bio-4.1-034 | B13: AQA | C13: Biology | D13: Separate and Combined | E13: Both | F13: Cell biology | G13: 4.1.2.3 | H13: Apart from ethical or religious objections, state one risk of using stem cells in medicine. | I13: Transfer of viral infection | J13: Viral infection; Passing on a virus | K13: Minor | L13: hexOk true (T for 'Transfer'), but the accepted 'Viral infection' starts with V; students may also give 'tumours/cancer', a valid risk not accepted. | M13: Set hexOk false; consider accepting 'Infection'.
... A51: aqa-bio-4.4-015 | B51: AQA | C51: Biology | D51: Separate and Combined | E51: Both | F51: Bioenergetics | G51: 4.4.1.2 | H51: In the pondweed practical, why might a beaker of water be placed between the lamp and the pondweed? | I51: Keep the temperature constant | J51: Absorbs heat from the lamp; Stops the water heating up; Temperature is a control variable | K51: Minor | L51: hexOk is true but accepted answers start with A, S, T ('Absorbs heat...', 'Stops the water heating up', 'Temperature...'). | M51: Set hexOk false.
A52: aqa-bio-4.4-018 | B52: AQA | C52: Biology | D52: Separate and Combined | E52: Both | F52: Bioenergetics | G52: 4.4.1.3 | H52: Which substance, made from glucose, strengthens plant cell walls? | I52: Cellulose | K52: Minor | L52: Near-duplicate of aqa-bio-4.1-049 ('Which substance in plant cell walls strengthens the cell?' - Cellulose) in the same subject. | M52: Remove, or reword to a different use of glucose (e.g. 'Plants convert glucose into which substances for storage in seeds?' - Fats or oils).
A53: aqa-bio-4.4-020 | B53: AQA | C53: Biology | D53: Separate and Combined | E53: Both | F53: Bioenergetics | G53: 4.4.1.3 | H53: Why do plants store glucose as starch rather than as glucose itself? | I53: Starch is insoluble | J53: Insoluble, so it does not affect osmosis; Does not affect water movement into cells | K53: Minor | L53: hexOk is true but accepted 'Insoluble, so...' and 'Does not affect water movement' start with I and D. | M53: Set hexOk false.
A54: aqa-bio-4.4-022 | B54: AQA | C54: Biology | D54: Separate and Combined | E54: Both | F54: Bioenergetics | G54: 4.4.2.1 | H54: Write the word equation for aerobic respiration. | I54: Glucose + oxygen → carbon dioxide + water | J54: C₆H₁₂O₆ + O₂ → CO₂ + H₂O; C₆H₁₂O₆ + 6O₂ → 6CO₂ + 6H₂O | K54: Minor | L54: A word equation is asked for, yet an unbalanced symbol equation (C6H12O6 + O2 -> CO2 + H2O) is accepted. | M54: Remove the unbalanced symbol equation from the accepted answers.
A55: aqa-bio-4.4-026 | B55: AQA | C55: Biology | D55: Separate and Combined | E55: Both | F55: Bioenergetics | G55: 4.4.2.1 | H55: Why does anaerobic respiration transfer much less energy than aerobic respiration? | I55: Incomplete oxidation of glucose | J55: Glucose is not fully oxidised; Glucose is only partly broken down | K55: Minor | L55: hexOk is true but accepted 'Glucose is not fully oxidised' starts with G. | M55: Set hexOk false.
A56: aqa-bio-4.4-028 | B56: AQA | C56: Biology | D56: Separate and Combined | E56: Both | F56: Bioenergetics | G56: 4.4.2.1 | H56: Organisms use energy from respiration for movement, for keeping warm and for chemical reactions that build what? | I56: Larger molecules | J56: Large molecules; Bigger molecules; New molecules | K56: Minor | L56: hexOk is true but accepted 'Bigger molecules' and 'New molecules' start with B and N. | M56: Set hexOk false, or drop those accepted forms.
A57: aqa-bio-4.4-029 | B57: AQA | C57: Biology | D57: Separate and Combined | E57: Both | F57: Bioenergetics | G57: 4.4.2.2 | H57: During exercise, heart rate and breathing rate rise. Which other breathing measurement increases so more oxygen is taken in? | I57: Breath volume | J57: Depth of breathing; Volume of each breath; Tidal volume; Deeper breaths | K57: Minor | L57: hexOk is true but accepted 'Depth of breathing', 'Volume of each breath', 'Tidal volume', 'Deeper breaths' start with other letters. | M57: Set hexOk false.
A58: aqa-bio-4.5-003 | B58: AQA | C58: Biology | D58: Separate and Combined | E58: Both | F58: Homeostasis and response | G58: 4.5.1 | H58: Name the two types of effector in a control system. | I58: Muscles and glands | J58: Muscle and gland; Glands and muscles | K58: Minor | L58: hexOk is true but accepted 'Glands and muscles' starts with G. The items can be given in any order. | M58: Set hexOk false.
A59: aqa-bio-4.5-004 | B59: AQA | C59: Biology | D59: Separate and Combined | E59: Both | F59: Homeostasis and response | G59: 4.5.1 | H59: Name the three internal conditions in the human body that homeostasis controls. | I59: Blood glucose, body temperature, water levels | J59: Blood sugar, temperature, water; Glucose, temperature, water | K59: Minor | L59: hexOk is true but a correct answer can start with B/G, T or W. The items can be given in any order. | M59: Set hexOk false.
A60: aqa-bio-4.5-006 | B60: AQA | C60: Biology | D60: Separate and Combined | E60: Both | F60: Homeostasis and response | G60: 4.5.1 | H60: Why must homeostasis keep body temperature close to its normal value? | I60: Optimum temperature for enzyme action | J60: Enzymes work best; Enzymes would denature if too hot; Optimum conditions for enzymes | K60: Minor | L60: hexOk is true but accepted 'Enzymes work best...' and 'Enzymes would denature...' start with E. | M60: Set hexOk false.
A61: aqa-bio-4.5-009 | B61: AQA | C61: Biology | D61: Separate and Combined | E61: Both | F61: Homeostasis and response | G61: 4.5.2.1 (Combined 4.5.2) | H61: How does a nerve signal cross a synapse? | I61: Chemical diffuses across the gap | J61: Diffusion of a chemical; Chemical diffuses across; Neurotransmitter diffuses across | K61: Minor | L61: hexOk is true but accepted 'Diffusion of a chemical' and 'Neurotransmitter diffuses across' start with D and N. | M61: Set hexOk false.
A62: aqa-bio-4.5-012 | B62: AQA | C62: Biology | D62: Separate and Combined | E62: Both | F62: Homeostasis and response | G62: 4.5.2.1 (Combined 4.5.2) | H62: A student tests whether drinking caffeine affects reaction time. What is the independent variable? | I62: Caffeine | J62: Amount of caffeine; Caffeine intake; Caffeine drunk | K62: Minor | L62: hexOk is true but accepted 'Amount of caffeine' starts with A. | M62: Set hexOk false.
A63: aqa-bio-4.5-021 | B63: AQA | C63: Biology | D63: Separate only | E63: Both | F63: Homeostasis and response | G63: 4.5.2.3 | H63: What is accommodation in the eye? | I63: Changing lens shape to focus | J63: Changing the shape of the lens; Lens changes shape to focus | K63: Minor | L63: hexOk is true but accepted 'Lens changes shape to focus' starts with L. | M63: Set hexOk false.
A64: aqa-bio-4.5-022 | B64: AQA | C64: Biology | D64: Separate only | E64: Both | F64: Homeostasis and response | G64: 4.5.2.3 | H64: To focus on a near object, what do the ciliary muscles do? | I64: Contract | J64: They contract; Ciliary muscles contract | K64: Minor | L64: hexOk is true but accepted 'They contract' starts with T (first significant word 'They'). | M64: Set hexOk false, or remove 'They contract' from accepted answers.
... A67: aqa-bio-4.5-030 | B67: AQA | C67: Biology | D67: Separate and Combined | E67: Both | F67: Homeostasis and response | G67: 4.5.3.1 | H67: How are hormones carried to their target organs? | I67: In the bloodstream | J67: Blood; By the blood; In the blood plasma | K67: Minor | L67: hexOk is true but the stored answer starts 'In' (letter I) while accepted 'Blood' / 'By the blood' start with B. | M67: Set hexOk false, or make the answer 'Blood'.
A68: aqa-bio-4.5-034 | B68: AQA | C68: Biology | D68: Separate and Combined | E68: Both | F68: Homeostasis and response | G68: 4.5.3.2 | H68: In liver and muscle cells, what is excess glucose converted to for storage? | I68: Glycogen | K68: Minor | L68: Near-duplicate of aqa-bio-4.4-037 ('Animals convert excess glucose into which storage carbohydrate?' - Glycogen) in the same subject. | M68: Remove one of the pair, or reword this one (e.g. 'In which two types of cell is glycogen stored?' - Liver and muscle cells).
A69: aqa-bio-4.5-036 | B69: AQA | C69: Biology | D69: Separate and Combined | E69: Both | F69: Homeostasis and response | G69: 4.5.3.2 | H69: After a meal, why does blood glucose stay high for longer in someone with Type 1 diabetes? | I69: Pancreas makes too little insulin | J69: Not enough insulin produced; No insulin made | K69: Minor | L69: hexOk is true but accepted 'Not enough insulin produced' and 'No insulin made' start with N. | M69: Set hexOk false.
A70: aqa-bio-4.5-039 | B70: AQA | C70: Biology | D70: Separate only | E70: Both | F70: Homeostasis and response | G70: 4.5.3.3 | H70: The kidneys make urine by filtering the blood and then by what process? | I70: Selective reabsorption | J70: Reabsorption | K70: Minor | L70: hexOk is true but accepted 'Reabsorption' starts with R. | M70: Set hexOk false.
A71: aqa-bio-4.5-040 | B71: AQA | C71: Biology | D71: Separate only | E71: Both | F71: Homeostasis and response | G71: 4.5.3.3 | H71: Name the treatment for kidney failure that uses a machine to remove urea from the blood. | I71: Dialysis | J71: Kidney dialysis | K71: Minor | L71: hexOk is true but accepted 'Kidney dialysis' starts with K. | M71: Set hexOk false.
A72: aqa-bio-4.5-050 | B72: AQA | C72: Biology | D72: Separate and Combined | E72: Both | F72: Homeostasis and response | G72: 4.5.3.5 (Combined 4.5.3.4) | H72: How does a non-hormonal intrauterine device (IUD) prevent pregnancy? | I72: Prevents implantation of an embryo | J72: Stops embryo implanting; Prevents implantation; Kills or disables sperm; Stops sperm reaching the egg | K72: Minor | L72: hexOk is true but accepted 'Stops embryo implanting' and 'Kills or disables sperm' start with S and K. | M72: Set hexOk false.
A73: aqa-bio-4.5-051 | B73: AQA | C73: Biology | D73: Separate and Combined | E73: Higher only | F73: Homeostasis and response | G73: 4.5.3.6 (Combined 4.5.3.5) | H73: Which two hormones are given to a woman in a fertility drug? | I73: FSH and LH | J73: LH and FSH; Follicle stimulating hormone and luteinising hormone | K73: Minor | L73: hexOk is true but accepted 'LH and FSH' starts with L. The items can be given in any order. | M73: Set hexOk false.
A74: aqa-bio-4.5-052 | B74: AQA | C74: Biology | D74: Separate and Combined | E74: Higher only | F74: Homeostasis and response | G74: 4.5.3.6 (Combined 4.5.3.5) | H74: In IVF, where are the eggs fertilised by sperm? | I74: In the laboratory | J74: Laboratory; In a lab; Outside the body; In a dish | K74: Minor | L74: hexOk is true but stored answer 'In the laboratory' gives letter I, while accepted 'Laboratory', 'Outside the body' start with L and O. | M74: Set hexOk false, or make the answer 'Laboratory'.
A75: aqa-bio-4.5-053 | B75: AQA | C75: Biology | D75: Separate and Combined | E75: Higher only | F75: Homeostasis and response | G75: 4.5.3.6 (Combined 4.5.3.5) | H75: In IVF, why are only one or two embryos placed in the mother's uterus? | I75: Multiple births are risky | J75: To avoid multiple births; Reduce the risk of multiple births; Twins or triplets risk mother and babies | K75: Minor | L75: hexOk is true but accepted 'To avoid multiple births', 'Reduce the risk...', 'Twins or triplets...' start with other letters. | M75: Set hexOk false.
A76: aqa-bio-4.5-055 | B76: AQA | C76: Biology | D76: Separate and Combined | E76: Higher only | F76: Homeostasis and response | G76: 4.5.3.7 (Combined 4.5.3.6) | H76: What does thyroxine from the thyroid gland stimulate? | I76: Basal metabolic rate | J76: Metabolic rate; Metabolism | K76: Minor | L76: hexOk is true but accepted 'Metabolic rate' and 'Metabolism' start with M, not B. | M76: Set hexOk false.
A77: aqa-bio-4.5-063 | B77: AQA | C77: Biology | D77: Separate only | E77: Both | F77: Homeostasis and response | G77: 4.5.4.1 | H77: As well as length measurements, how should seedling results be recorded in this practical? | I77: Labelled biological drawings | J77: Labelled drawings; Biological drawings; Drawings | K77: Minor | L77: hexOk is true but accepted 'Biological drawings' and 'Drawings' start with B and D. | M77: Set hexOk false.
A78: aqa-bio-4.5-064 | B78: AQA | C78: Biology | D78: Separate only | E78: Both | F78: Homeostasis and response | G78: 4.5.4.1 | H78: In the seedling light investigation, why are all dishes kept at the same temperature? | I78: Temperature affects growth rate | J78: Temperature affects growth; Temperature affects germination; So only light affects growth | K78: Minor | L78: hexOk is true but accepted 'So only light affects growth' starts with S. | M78: Set hexOk false.
A79: aqa-bio-4.5-065 | B79: AQA | C79: Biology | D79: Separate only | E79: Both | F79: Homeostasis and response | G79: 4.5.4.1 | H79: A seedling is laid on its side in the dark. In which direction does its root grow? | I79: Downwards | J79: Down; Towards gravity; In the direction of gravity | K79: Minor | L79: hexOk is true but accepted 'Towards gravity' and 'In the direction of gravity' start with T and I. | M79: Set hexOk false.
A80: aqa-bio-4.6-008 | B80: AQA | C80: Biology | D80: Separate and Combined | E80: Both | F80: Inheritance, variation and evolution | G80: 4.6.1.2 | H80: Explain how fertilisation restores the full number of chromosomes. | I80: Two gametes, each with one set, join | J80: Two half sets combine; Each gamete has half, they fuse; Sperm and egg each give a single set | K80: Minor | L80: hexOk is true but accepted 'Each gamete has half...' and 'Sperm and egg each give...' start with E and S. | M80: Set hexOk false.
... A111: aqa-bio-4.7-011 | B111: AQA | C111: Biology | D111: Separate and Combined | E111: Both | F111: Ecology | G111: 4.7.1.3 | H111: Grey squirrels outcompete red squirrels for food. Why might red squirrels then die out in an area? | I111: Too few left to breed | J111: Numbers too low to breed; Not enough to reproduce; Not enough food to survive | K111: Minor | L111: hexOk is true but accepted 'Numbers too low...' and 'Not enough...' start with N. | M111: Set hexOk false.
A112: aqa-bio-4.7-013 | B112: AQA | C112: Biology | D112: Separate and Combined | E112: Both | F112: Ecology | G112: 4.7.1.4 | H112: Name the three types of adaptation. | I112: Structural, behavioural and functional | K112: Minor | L112: hexOk is true but a correct answer can start with S, B or F. The items can be given in any order. | M112: Set hexOk false.
A113: aqa-bio-4.7-015 | B113: AQA | C113: Biology | D113: Separate and Combined | E113: Both | F113: Ecology | G113: 4.7.2.1 | H113: What type of organism is at the start of every food chain? | I113: Producer | J113: Producers; Green plant or alga | K113: Minor | L113: hexOk is true but accepted 'Green plant or alga' starts with G. | M113: Set hexOk false.
A114: aqa-bio-4.7-016 | B114: AQA | C114: Biology | D114: Separate and Combined | E114: Both | F114: Ecology | G114: 4.7.2.1 | H114: On a predator-prey graph, why does the predator peak come after the prey peak? | I114: Predators breed after food increases | J114: Time lag for predators to reproduce; More prey lets predators breed later | K114: Minor | L114: hexOk is true but accepted 'Time lag...' and 'More prey...' start with T and M. | M114: Set hexOk false.
A115: aqa-bio-4.7-018 | B115: AQA | C115: Biology | D115: Separate and Combined | E115: Both | F115: Ecology | G115: 4.7.2.1 | H115: What is the name for a line across a habitat along which samples are taken at intervals? | I115: Transect | J115: Line transect | K115: Minor | L115: hexOk is true but accepted 'Line transect' starts with L. | M115: Set hexOk false.
A116: aqa-bio-4.7-023 | B116: AQA | C116: Biology | D116: Separate and Combined | E116: Both | F116: Ecology | G116: 4.7.2.2 | H116: Which process in plants, animals and microorganisms all returns carbon dioxide to the atmosphere? | I116: Respiration | J116: Aerobic respiration | K116: Minor | L116: hexOk is true but accepted 'Aerobic respiration' starts with A. | M116: Set hexOk false.
A117: aqa-bio-4.7-024 | B117: AQA | C117: Biology | D117: Separate and Combined | E117: Both | F117: Ecology | G117: 4.7.2.2 | H117: Which organisms cycle materials by returning carbon dioxide to the air and mineral ions to the soil? | I117: Microorganisms | J117: Decomposers; Bacteria and fungi; Microbes | K117: Minor | L117: hexOk is true but accepted 'Decomposers', 'Bacteria and fungi', 'Microbes' start with other letters. | M117: Set hexOk false.
A118: aqa-bio-4.7-025 | B118: AQA | C118: Biology | D118: Separate and Combined | E118: Both | F118: Ecology | G118: 4.7.2.2 | H118: Why is the water cycle important to plants and animals living on land? | I118: Provides fresh water | J118: Supplies fresh water; Gives them fresh water to use | K118: Minor | L118: hexOk is true but accepted 'Supplies fresh water' and 'Gives them fresh water' start with S and G. | M118: Set hexOk false.
A119: aqa-bio-4.7-026 | B119: AQA | C119: Biology | D119: Separate and Combined | E119: Both | F119: Ecology | G119: 4.7.2.2 | H119: Why is the carbon cycle important for plants? | I119: Returns carbon dioxide for photosynthesis | J119: Supplies carbon dioxide for photosynthesis | K119: Minor | L119: hexOk is true but accepted 'Supplies carbon dioxide...' starts with S. | M119: Set hexOk false.
A120: aqa-bio-4.7-028 | B120: AQA | C120: Biology | D120: Separate only | E120: Both | F120: Ecology | G120: 4.7.2.3 | H120: A compost heap decays fastest when warm and well aerated. What else must it have enough of? | I120: Water | J120: Moisture | K120: Minor | L120: hexOk is true but accepted 'Moisture' starts with M. | M120: Set hexOk false.
A121: aqa-bio-4.7-029 | B121: AQA | C121: Biology | D121: Separate only | E121: Both | F121: Ecology | G121: 4.7.2.3 | H121: A 100 g pile of grass cuttings decays to 60 g in 10 days. What is the mean rate of decay? | I121: 4 g per day | J121: 4 g/day; 4 grams per day | K121: Minor | L121: Rate calculation ((100 - 60) / 10) but calcTag is false. | M121: Set calcTag true.
A122: aqa-bio-4.7-030 | B122: AQA | C122: Biology | D122: Separate only | E122: Both | F122: Ecology | G122: 4.7.2.3 | H122: Why is decay very slow at low temperatures? | I122: Decomposers' enzymes work slowly | J122: Less enzyme activity; Slow enzyme reactions; Microorganisms less active | K122: Minor | L122: hexOk is true but accepted 'Less enzyme activity', 'Slow enzyme reactions', 'Microorganisms less active' start with other letters. | M122: Set hexOk false.
A123: aqa-bio-4.7-031 | B123: AQA | C123: Biology | D123: Separate only | E123: Both | F123: Ecology | G123: 4.7.2.3 | H123: Why do gardeners regularly turn their compost heaps? | I123: Supplies oxygen for decomposers | J123: Adds air; More oxygen for aerobic respiration | K123: Minor | L123: hexOk is true but accepted 'Adds air' and 'More oxygen...' start with A and M. | M123: Set hexOk false.
A124: aqa-bio-4.7-033 | B124: AQA | C124: Biology | D124: Separate only | E124: Both | F124: Ecology | G124: 4.7.2.3 | H124: What happens to the pH of milk as it decays? | I124: Decreases | J124: Falls; Goes down; Becomes more acidic | K124: Minor | L124: hexOk is true but accepted 'Falls', 'Goes down', 'Becomes more acidic' start with other letters. | M124: Set hexOk false.
... A186: edexcel-bio-3-058 | B186: Edexcel | C186: Biology | D186: Separate and Combined | E186: Both | F186: Genetics | G186: 3.16 | H186: A heterozygous parent (Bb) is crossed with a homozygous recessive parent (bb). What percentage of offspring are expected to be bb? | I186: 50% | J186: 0.5; 1/2; 1 in 2 | K186: Minor | L186: Probability calculation from a cross but calcTag is false. | M186: Set calcTag true.
A187: edexcel-bio-3-059 | B187: Edexcel | C187: Biology | D187: Separate and Combined | E187: Both | F187: Genetics | G187: 3.16 | H187: A cross gives 120 offspring in a 3 : 1 ratio of dominant to recessive phenotype. How many show the recessive phenotype? | I187: 30 | K187: Minor | L187: Ratio calculation (120 ÷ 4) but calcTag is false. | M187: Set calcTag true.
A188: edexcel-bio-3-060 | B188: Edexcel | C188: Biology | D188: Separate and Combined | E188: Both | F188: Genetics | G188: 3.16 | H188: Two heterozygous parents (Tt × Tt) have a child with the dominant phenotype. What is the probability it is heterozygous? | I188: 2/3 | J188: 2 in 3; 67%; 66.7%; 0.67 | K188: Minor | L188: Probability calculation but calcTag is false. | M188: Set calcTag true.
A189: edexcel-bio-3-064 | B189: Edexcel | C189: Biology | D189: Separate only | E189: Both | F189: Genetics | G189: 3.17B | H189: A parent with blood group AB and a parent with blood group O have a child. What is the probability the child is blood group A? | I189: 0.5 | J189: 50%; 1/2; 1 in 2 | K189: Minor | L189: Probability calculation from a cross but calcTag is false. | M189: Set calcTag true.
A190: edexcel-bio-3-066 | B190: Edexcel | C190: Biology | D190: Separate only | E190: Higher only | F190: Genetics | G190: 3.18B | H190: Name one sex-linked genetic disorder. | I190: Haemophilia | J190: Red-green colour blindness; Colour blindness; Duchenne muscular dystrophy | K190: Minor | L190: hexOk is true (letter H) on a 'name one' question where colour blindness and Duchenne muscular dystrophy are also accepted. | M190: Set hexOk false.
A191: edexcel-bio-3-068 | B191: Edexcel | C191: Biology | D191: Separate only | E191: Higher only | F191: Genetics | G191: 3.18B | H191: A carrier mother (XHXh) and an unaffected father (XHY) have a son. What is the probability he has haemophilia? | I191: 0.5 | J191: 50%; 1/2; 1 in 2 | K191: Minor | L191: Probability calculation from a sex-linked cross but calcTag is false. | M191: Set calcTag true.
A192: edexcel-bio-3-070 | B192: Edexcel | C192: Biology | D192: Separate and Combined | E192: Both | F192: Genetics | G192: 3.19 | H192: Human height shows a wide range of values rather than a few groups. What does this suggest about its inheritance? | I192: Controlled by multiple genes | J192: Many genes (and environment); Polygenic | K192: Minor | L192: hexOk is true (letter C) but 'many genes', 'multiple genes' and 'polygenic' are equally correct. | M192: Set hexOk false.
A193: edexcel-bio-3-073 | B193: Edexcel | C193: Biology | D193: Separate and Combined | E193: Both | F193: Genetics | G193: 3.20 | H193: Name two sources of genetic variation. | I193: Mutation and sexual reproduction | J193: Mutations and meiosis/fertilisation | K193: Minor | L193: hexOk is true but the two sources can be given in either order (sexual reproduction / meiosis first). | M193: Set hexOk false.
A194: edexcel-bio-3-074 | B194: Edexcel | C194: Biology | D194: Separate and Combined | E194: Both | F194: Genetics | G194: 3.20 | H194: Identical twins have the same DNA but different body masses. What causes this difference? | I194: Environmental variation | J194: Environment; Diet and exercise | K194: Minor | L194: hexOk is true (letter E) but 'diet and exercise' (accepted) and 'lifestyle' are common correct answers. | M194: Set hexOk false.
A195: edexcel-bio-3-076 | B195: Edexcel | C195: Biology | D195: Separate and Combined | E195: Both | F195: Genetics | G195: 3.21 | H195: Give one use of Human Genome Project data in medicine. | I195: Identifying genes linked to diseases | J195: Personalised medicine; Predicting disease risk; Developing new drugs; Gene testing | K195: Minor | L195: hexOk is true on a 'give one use' question with many accepted answers starting with different letters. | M195: Set hexOk false.
A196: edexcel-bio-3-077 | B196: Edexcel | C196: Biology | D196: Separate and Combined | E196: Both | F196: Genetics | G196: 3.21 | H196: A woman learns she has a gene variant linked to breast cancer. How could this knowledge help her? | I196: Earlier screening or preventive treatment | J196: Regular checks; Preventive surgery; Lifestyle changes to reduce risk; Early diagnosis | K196: Minor | L196: hexOk is true on an open question with many accepted answers starting with different letters. | M196: Set hexOk false.
A197: edexcel-bio-3-079 | B197: Edexcel | C197: Biology | D197: Separate and Combined | E197: Both | F197: Genetics | G197: 3.22 | H197: How much genetic variation is there usually within a population of a species? | I197: Extensive | J197: A lot; Large amount | K197: Minor | L197: hexOk is true (letter E) but the natural student answer is 'a lot' / 'large amount' (accepted). | M197: Set hexOk false.
A198: edexcel-bio-3-080 | B198: Edexcel | C198: Biology | D198: Separate and Combined | E198: Both | F198: Genetics | G198: 3.22 | H198: Why are individuals of the same species, apart from identical twins, almost never genetically identical? | I198: Mutations create many different alleles | J198: Mutations give extensive variation, mixed by sexual reproduction | K198: Minor | L198: hexOk is true on an explanation question. | M198: Set hexOk false.
A199: edexcel-bio-4-001 | B199: Edexcel | C199: Biology | D199: Separate only | E199: Both | F199: Natural selection and genetic modification | G199: 4.1B | H199: Which naturalist proposed the theory of evolution by natural selection and published "On the Origin of Species"? | I199: Charles Darwin | J199: Darwin | K199: Minor | L199: hexOk is true (letter C from 'Charles') but most students will write just 'Darwin' (accepted), starting with D. | M199: Set hexOk false, or store the answer as 'Darwin'.
... A302: edexcel-bio-9-019 | B302: Edexcel | C302: Biology | D302: Separate and Combined | E302: Both | F302: Ecosystems and material cycles | G302: 9.5 | H302: Why is it better to use many quadrats rather than one when estimating a population? | I302: Results are more representative | J302: Reduces effect of anomalies; more reliable mean | K302: Minor | L302: hexOk is true on an explanation question; accepted answers start with different letters. | M302: Set hexOk false.
A303: edexcel-bio-9-020 | B303: Edexcel | C303: Biology | D303: Separate and Combined | E303: Both | F303: Ecosystems and material cycles | G303: 9.6 | H303: Five quadrats contain 2, 4, 3, 5 and 6 daisies. What is the mean number per quadrat? | I303: 4 | K303: Minor | L303: Calculation ((2+4+3+5+6) ÷ 5) but calcTag is false. | M303: Set calcTag true.
A304: edexcel-bio-9-024 | B304: Edexcel | C304: Biology | D304: Separate only | E304: Both | F304: Ecosystems and material cycles | G304: 9.7B | H304: Respiration at each trophic level transfers much of the energy to the surroundings in which less useful form? | I304: Heat | J304: Thermal energy; heat energy | K304: Minor | L304: hexOk is true (letter H) but 'thermal energy' (accepted) starts with T. | M304: Set hexOk false.
A305: edexcel-bio-9-034 | B305: Edexcel | C305: Biology | D305: Separate and Combined | E305: Both | F305: Ecosystems and material cycles | G305: 9.9 | H305: Give one way a non-indigenous species can reduce biodiversity. | I305: Outcompetes native species | J305: Eats native species; brings new diseases | K305: Minor | L305: hexOk is true on an open 'name/give one' question whose accepted answers start with different letters. | M305: Set hexOk false.
A306: edexcel-bio-9-039 | B306: Edexcel | C306: Biology | D306: Separate and Combined | E306: Both | F306: Ecosystems and material cycles | G306: 9.10 | H306: Give one reason why maintaining biodiversity benefits humans. | I306: Source of new medicines | J306: Food sources; stable ecosystems; new crops; tourism | K306: Minor | L306: hexOk is true on an open 'name/give one' question whose accepted answers start with different letters. | M306: Set hexOk false.
A307: edexcel-bio-9-046 | B307: Edexcel | C307: Biology | D307: Separate and Combined | E307: Both | F307: Ecosystems and material cycles | G307: 9.13 | H307: Name two groups of microorganisms that act as decomposers. | I307: Bacteria and fungi | K307: Minor | L307: hexOk is true but 'fungi and bacteria' is equally correct. | M307: Set hexOk false.
A308: edexcel-bio-9-047 | B308: Edexcel | C308: Biology | D308: Separate and Combined | E308: Both | F308: Ecosystems and material cycles | G308: 9.13 | H308: Which process releases carbon dioxide when fossil fuels are used? | I308: Combustion | J308: Burning | K308: Minor | L308: hexOk is true (letter C) but 'burning' (accepted) is a very common answer. | M308: Set hexOk false.
A309: edexcel-bio-9-054 | B309: Edexcel | C309: Biology | D309: Separate and Combined | E309: Both | F309: Ecosystems and material cycles | G309: 9.15 | H309: Why does growing a legume crop in a crop rotation increase soil nitrates? | I309: Root nodule bacteria fix nitrogen | J309: Nitrogen-fixing bacteria in roots | K309: Minor | L309: hexOk is true on an explanation question; accepted answers start with different letters. | M309: Set hexOk false.
A310: edexcel-bio-9-055 | B310: Edexcel | C310: Biology | D310: Separate only | E310: Higher only | F310: Ecosystems and material cycles | G310: 9.16B | H310: Name a pollution indicator species found in heavily polluted water. | I310: Bloodworm | J310: Sludgeworm; bloodworms; sludgeworms | K310: Minor | L310: hexOk is true (letter B) on a 'name a species' question where sludgeworm (S) is equally correct. | M310: Set hexOk false.
A311: edexcel-bio-9-056 | B311: Edexcel | C311: Biology | D311: Separate only | E311: Higher only | F311: Ecosystems and material cycles | G311: 9.16B | H311: Name an indicator species whose presence shows a stream has clean, well-oxygenated water. | I311: Stonefly | J311: Freshwater shrimp; stonefly larvae; stonefly nymph | K311: Minor | L311: hexOk is true (letter S) but freshwater shrimp (F) is equally correct. | M311: Set hexOk false.
A312: edexcel-bio-9-057 | B312: Edexcel | C312: Biology | D312: Separate only | E312: Higher only | F312: Ecosystems and material cycles | G312: 9.16B | H312: Many types of lichen grow on trees in an area. What does this show about the air? | I312: Low sulfur dioxide pollution | J312: Clean air; little air pollution | K312: Minor | L312: hexOk is true (letter L) but 'clean air' / 'little air pollution' (accepted) start differently. | M312: Set hexOk false.
A313: edexcel-bio-9-058 | B313: Edexcel | C313: Biology | D313: Separate only | E313: Higher only | F313: Ecosystems and material cycles | G313: 9.16B | H313: Why is blackspot fungus on roses more common where air is clean? | I313: Sulfur dioxide kills the fungus | J313: Fungus is sensitive to sulfur dioxide pollution | K313: Minor | L313: hexOk is true on an explanation question; accepted answers start with different letters. | M313: Set hexOk false.
A314: edexcel-bio-9-060 | B314: Edexcel | C314: Biology | D314: Separate only | E314: Both | F314: Ecosystems and material cycles | G314: 9.17B | H314: Why does storing food in a fridge slow decomposition? | I314: Low temperature slows microorganism enzymes | J314: Slows growth of microorganisms | K314: Minor | L314: hexOk is true on an explanation question; accepted answers start with different letters. | M314: Set hexOk false.
A315: edexcel-bio-9-061 | B315: Edexcel | C315: Biology | D315: Separate only | E315: Both | F315: Ecosystems and material cycles | G315: 9.17B | H315: How does drying food help preserve it? | I315: Microorganisms need water to grow | J315: Removes water decomposers need | K315: Minor | L315: hexOk is true on an explanation question; accepted answers start with different letters. | M315: Set hexOk false.
A316: edexcel-bio-9-062 | B316: Edexcel | C316: Biology | D316: Separate only | E316: Both | F316: Ecosystems and material cycles | G316: 9.17B | H316: Why does vacuum packing slow the decay of food? | I316: Removes oxygen for aerobic decomposers | J316: No oxygen for microorganisms to respire | K316: Minor | L316: hexOk is true on an explanation question; accepted answers start with different letters. | M316: Set hexOk false.
A317: edexcel-bio-9-063 | B317: Edexcel | C317: Biology | D317: Separate only | E317: Both | F317: Ecosystems and material cycles | G317: 9.18B | H317: Why do gardeners turn compost heaps regularly? | I317: Adds oxygen for aerobic decomposers | J317: To let air in; oxygen for respiration | K317: Minor | L317: hexOk is true on an explanation question; accepted answers start with different letters. | M317: Set hexOk false.
A318: edexcel-bio-9-064 | B318: Edexcel | C318: Biology | D318: Separate only | E318: Both | F318: Ecosystems and material cycles | G318: 9.18B | H318: Why does a compost heap decay faster when it is warm? | I318: Decomposer enzymes work faster | J318: Microorganisms grow and respire faster | K318: Minor | L318: hexOk is true on an explanation question; accepted answers start with different letters. | M318: Set hexOk false.
A319: edexcel-bio-9-065 | B319: Edexcel | C319: Biology | D319: Separate only | E319: Both | F319: Ecosystems and material cycles | G319: 9.18B | H319: Why does a very dry compost heap decay slowly? | I319: Decomposers need water | J319: Microorganisms need moisture to grow | K319: Minor | L319: hexOk is true on an explanation question; accepted answers start with different letters. | M319: Set hexOk false.
... A321: edexcel-bio-9-067 | B321: Edexcel | C321: Biology | D321: Separate only | E321: Both | F321: Ecosystems and material cycles | G321: 9.19B | H321: Bread decays from 80 g to 50 g in 10 days. What is the rate of mass loss? | I321: 3 g per day | J321: 3 g/day | K321: Minor | L321: Calculation ((80 − 50) ÷ 10) but calcTag is false. | M321: Set calcTag true.

Sheet Chemistry
A1: ID | B1: Board | C1: Subject | D1: Course | E1: Tier | F1: Topic | G1: Spec ref | H1: Question | I1: Answer | J1: Accepted answers | K1: Grade | L1: Reason | M1: Suggested fix | N1: Rob's decision | O1: Rob's note
A2: aqa-chem-4.7-071 | B2: AQA | C2: Chemistry | D2: Separate and Combined | E2: Both | F2: Organic chemistry | G2: 4.7.1.4 (Combined 5.7.1.4) | H2: Octane, C₈H₁₈, is cracked into hexane, C₆H₁₄, and one other product. Name it. | I2: Ethene | J2: C₂H₄ | K2: Doubtful | L2: Tagged Separate and Combined, but it asks students to NAME an individual alkene (ethene); the spec (4.7.1.4 / 5.7.1.4) says Combined Science students do not need to know the formulae or names of individual alkenes. C2H4 is accepted, so a Combined student could still score by deducing the formula. | M2: Reword to 'Give its formula' (answer C2H4, accept ethene), or tag Separate only.
A3: aqa-chem-4.1-009 | B3: AQA | C3: Chemistry | D3: Separate and Combined | E3: Both | F3: Atomic structure and the periodic table | G3: 4.1.1.3 (Combined 5.1.1.3) | H3: Which scientist suggested that electrons orbit the nucleus at specific distances? | I3: Niels Bohr | J3: Bohr | K3: Minor | L3: Hex letter is N (from 'Niels'), but nearly every student will answer 'Bohr', so the clue 'begins with N' is misleading. | M3: Make the answer 'Bohr' and accept 'Niels Bohr'.
A4: aqa-chem-4.1-011 | B4: AQA | C4: Chemistry | D4: Separate and Combined | E4: Both | F4: Atomic structure and the periodic table | G4: 4.1.1.3 (Combined 5.1.1.3) | H4: Which experiment showed that most of an atom's mass is in a tiny charged centre? | I4: Alpha particle scattering experiment | J4: Alpha scattering; Rutherford's scattering experiment; Gold foil experiment | K4: Minor | L4: Hex letter A, but 'Rutherford's (gold foil) experiment' and 'gold foil experiment' are very common correct answers that start with R or G. | M4: Set hexOk false, or keep the A clue and note the accepted alternatives are only for other games.
A5: aqa-chem-4.1-012 | B5: AQA | C5: Chemistry | D5: Separate and Combined | E5: Both | F5: Atomic structure and the periodic table | G5: 4.1.1.3 (Combined 5.1.1.3) | H5: In the scattering experiment, why were a few alpha particles deflected back? | I5: Repelled by a small, positive, massive nucleus | J5: Hit the concentrated positive nucleus; Bounced off a small dense positive nucleus | K5: Minor | L5: An explanation answer is used for Hex Hunt with letter R ('Repelled'); the accepted answers themselves start with H and B, so the letter clue does not fit the question. | M5: Set hexOk false.
A6: aqa-chem-4.1-025 | B6: AQA | C6: Chemistry | D6: Separate and Combined | E6: Both | F6: Atomic structure and the periodic table | G6: 4.1.1.7 (Combined 5.1.1.7) | H6: Which shells do electrons in an atom fill first? | I6: Innermost shells | J6: Lowest available energy levels; Lowest energy level; Shells closest to the nucleus | K6: Minor | L6: Hex letter I ('Innermost'), but the natural answers 'lowest energy levels' and 'the ones closest to the nucleus' (spec wording 'lowest available energy levels') start with L or C. | M6: Set hexOk false, or reword the answer to 'Lowest energy levels (innermost shells)'.
A7: aqa-chem-4.1-029 | B7: AQA | C7: Chemistry | D7: Separate and Combined | E7: Both | F7: Atomic structure and the periodic table | G7: 4.1.2.2 (Combined 5.1.2.2) | H7: Which scientist left gaps in his periodic table? | I7: Dmitri Mendeleev | J7: Mendeleev | K7: Minor | L7: Hex letter D (from 'Dmitri'); students will answer 'Mendeleev'. | M7: Make the answer 'Mendeleev' and accept 'Dmitri Mendeleev'.
A8: aqa-chem-4.1-034 | B8: AQA | C8: Chemistry | D8: Separate and Combined | E8: Both | F8: Atomic structure and the periodic table | G8: 4.1.2.3 (Combined 5.1.2.3) | H8: In which part of the periodic table are non-metals found? | I8: Right and top | J8: Top right; Right-hand side | K8: Minor | L8: Hex letter R from the unnatural order 'Right and top'; the usual answer is 'top right' (T). | M8: Make the answer 'Top right' (accept 'Towards the right and top', 'Right-hand side').
A9: aqa-chem-4.1-039 | B9: AQA | C9: Chemistry | D9: Separate and Combined | E9: Both | F9: Atomic structure and the periodic table | G9: 4.1.2.4 (Combined 5.1.2.4) | H9: Why are the noble gases unreactive? | I9: Stable arrangement of electrons | J9: Full outer shell; Stable electron arrangement | K9: Minor | L9: Hex letter S, but the most common correct answer is 'full outer shell' (F). | M9: Set hexOk false, or accept the letter mismatch knowingly.
A10: aqa-chem-4.1-044 | B10: AQA | C10: Chemistry | D10: Separate and Combined | E10: Both | F10: Atomic structure and the periodic table | G10: 4.1.2.5 (Combined 5.1.2.5) | H10: Why does reactivity increase going down Group 1? | I10: Outer electron further from nucleus, lost more easily | J10: Outer electron less strongly attracted to the nucleus | K10: Minor | L10: Two-clause explanation answer used on Hex Hunt with letter O; too long for the letter clue to be fair ('It has more shells...', 'Less attraction...' are equally right). | M10: Set hexOk false.
A11: aqa-chem-4.1-054 | B11: AQA | C11: Chemistry | D11: Separate only | E11: Both | F11: Atomic structure and the periodic table | G11: 4.1.3.2 | H11: Iron forms Fe²⁺ and Fe³⁺ ions. Which typical transition metal property does this show? | I11: Ions with different charges | J11: Forms more than one ion; Variable charges | K11: Minor | L11: Hex letter I, but the accepted answers start with F and V and 'variable charges/oxidation states' is a common correct answer. | M11: Set hexOk false.
A12: aqa-chem-4.1-055 | B12: AQA | C12: Chemistry | D12: Separate only | E12: Both | F12: Atomic structure and the periodic table | G12: 4.1.3.2 | H12: Why are cobalt and chromium compounds used to colour glass and pottery glazes? | I12: Transition metal compounds are coloured | J12: Coloured compounds; Transition metals form coloured compounds | K12: Minor | L12: Hex letter T, but the natural answer is 'they form coloured compounds' / 'coloured compounds' (C). | M12: Make the answer 'Coloured compounds' (accept 'Transition metal compounds are coloured').
A13: aqa-chem-4.10-007 | B13: AQA | C13: Chemistry | D13: Separate and Combined | E13: Both | F13: Using resources | G13: 4.10.1.2 (Combined 5.10.1.2) | H13: Apart from chlorine, name a sterilising agent used to treat drinking water. | I13: Ozone | J13: Ultraviolet light; UV light; UV | K13: Minor | L13: Two correct answers (ozone, ultraviolet light) but Hex Hunt shows only O, so a class answering 'UV light' is right but does not match the clue. | M13: Set hexOk false.
... A16: aqa-chem-4.10-028 | B16: AQA | C16: Chemistry | D16: Separate only | E16: Both | F16: Using resources | G16: 4.10.3.1 | H16: Which two substances must both be present for iron to rust? | I16: Air and water | J16: Oxygen and water | K16: Minor | L16: Two-item answer: other orders ('Water and air', 'Water and oxygen') are not accepted, and the common answer 'water and oxygen' does not match the A clue. | M16: Accept either order; set hexOk false.
A17: aqa-chem-4.10-034 | B17: AQA | C17: Chemistry | D17: Separate only | E17: Both | F17: Using resources | G17: 4.10.3.2 | H17: Stainless steel contains iron and which two other metals? | I17: Chromium and nickel | K17: Minor | L17: Two-item answer: 'Nickel and chromium' is not accepted. | M17: Add 'Nickel and chromium' to accepted answers.
A18: aqa-chem-4.2-006 | B18: AQA | C18: Chemistry | D18: Separate and Combined | E18: Both | F18: Bonding, structure, and the properties of matter | G18: 4.2.1.2 (Combined 5.2.1.2) | H18: When a metal atom reacts with a non-metal atom, what happens to the electrons in the metal atom's outer shell? | I18: Transferred to the non-metal atom | J18: Lost to the non-metal; Given to the non-metal | K18: Minor | L18: Hex letter T ('Transferred'), but 'they are lost (to the non-metal)' is an equally common correct answer and is already accepted (L). | M18: Set hexOk false, or accept the T clue knowingly.
A19: aqa-chem-4.2-017 | B19: AQA | C19: Chemistry | D19: Separate and Combined | E19: Both | F19: Bonding, structure, and the properties of matter | G19: 4.2.1.3 (Combined 5.2.1.3) | H19: Give one limitation of using a ball and stick model to show the structure of sodium chloride. | I19: Shows gaps between the ions | J19: Ions are really touching; Bonds are not sticks; Forces shown as sticks are not real; Ions not to scale; Shows only a small part of the lattice | K19: Minor | L19: Open 'give one limitation' question with five different accepted answers is on Hex Hunt with letter S; most correct answers do not start with S. | M19: Set hexOk false.
A20: aqa-chem-4.2-034 | B20: AQA | C20: Chemistry | D20: Separate and Combined | E20: Higher only | F20: Bonding, structure, and the properties of matter | G20: 4.2.2.1 (Combined 5.2.2.1) | H20: Apart from missing forces, give one limitation of showing particles as small solid spheres. | I20: Particles are not all spherical | J20: Particles are not solid; Particles are not hard spheres; Spheres are inelastic but real particles are not | K20: Minor | L20: Open 'give one limitation' question on Hex Hunt (letter P); accepted answers vary. The accepted answer 'Spheres are inelastic but real particles are not' is confused (the spec calls the model's spheres inelastic; it is not a clear limitation in that form). | M20: Set hexOk false; replace that accepted answer with 'Particles are not solid inelastic spheres'.
A21: aqa-chem-4.2-052 | B21: AQA | C21: Chemistry | D21: Separate and Combined | E21: Both | F21: Bonding, structure, and the properties of matter | G21: 4.2.2.5 (Combined 5.2.2.5) | H21: Why are polymers solid at room temperature? | I21: Relatively strong intermolecular forces | J21: Strong forces between polymer molecules; Strong intermolecular forces | K21: Minor | L21: Hex letter R from 'Relatively'; students will write 'strong intermolecular forces' (S), which is accepted. | M21: Make the answer 'Strong intermolecular forces' (accept 'Relatively strong intermolecular forces').
A22: aqa-chem-4.2-072 | B22: AQA | C22: Chemistry | D22: Separate and Combined | E22: Both | F22: Bonding, structure, and the properties of matter | G22: 4.2.3.2 (Combined 5.2.3.2) | H22: Why is graphite soft and slippery? | I22: Layers slide; no covalent bonds between them | J22: Layers can slide over each other; No covalent bonds between layers; Weak forces between layers | K22: Minor | L22: Two-part explanation answer on Hex Hunt (letter L); accepted answers start with N and W. | M22: Set hexOk false.
A23: aqa-chem-4.2-087 | B23: AQA | C23: Chemistry | D23: Separate only | E23: Both | F23: Bonding, structure, and the properties of matter | G23: 4.2.4.2 | H23: Name one cosmetic or personal-care product that may contain nanoparticles. | I23: Sun cream | J23: Sunscreen; Deodorant; Cosmetics; Make-up | K23: Minor | L23: 'Name one product' with several accepted answers (deodorant, cosmetics, make-up) is on Hex Hunt with letter S. | M23: Set hexOk false.
A24: aqa-chem-4.2-088 | B24: AQA | C24: Chemistry | D24: Separate only | E24: Both | F24: Bonding, structure, and the properties of matter | G24: 4.2.4.2 | H24: Give one advantage of nanoparticles over normal-sized particles of the same material. | I24: Smaller quantities needed | J24: Less material needed; More effective; Higher surface area to volume ratio | K24: Minor | L24: 'Give one advantage' with varied accepted answers is on Hex Hunt with letter S. | M24: Set hexOk false.
A25: aqa-chem-4.2-089 | B25: AQA | C25: Chemistry | D25: Separate only | E25: Both | F25: Bonding, structure, and the properties of matter | G25: 4.2.4.2 | H25: Give one possible risk of using nanoparticles in products such as sun cream. | I25: Long-term health effects unknown | J25: May enter body cells and cause harm; May be toxic; May harm the environment | K25: Minor | L25: 'Give one possible risk' with varied accepted answers is on Hex Hunt with letter L. | M25: Set hexOk false.
A26: aqa-chem-4.3-053 | B26: AQA | C26: Chemistry | D26: Separate and Combined | E26: Both | F26: Quantitative chemistry | G26: 4.3.1.1 (Combined 5.3.1.1) | H26: Which law says that no atoms are lost or made during a chemical reaction? | I26: Conservation of mass | J26: Law of conservation of mass | K26: Minor | L26: Near-identical to aqa-chem-4.3-001 (same law, same answer 'Conservation of mass'). | M26: Remove, or replace with a different conservation-of-mass question (e.g. a mass-balance calculation).
A27: aqa-chem-4.3-056 | B27: AQA | C27: Chemistry | D27: Separate and Combined | E27: Both | F27: Quantitative chemistry | G27: 4.3.1.3 (Combined 5.3.1.3) | H27: Calcium carbonate is heated in an open tube and its mass goes down. Which gas escapes? | I27: Carbon dioxide | J27: CO₂ | K27: Minor | L27: Near-duplicate of aqa-chem-4.3-011 (carbonate heated, which gas escapes: carbon dioxide). | M27: Remove, or change to ask why the mass goes down.
A28: aqa-chem-4.3-057 | B28: AQA | C28: Chemistry | D28: Separate and Combined | E28: Both | F28: Quantitative chemistry | G28: 4.3.1.4 (Combined 5.3.1.4) | H28: Repeat measurements spread around the mean. What word describes how unsure the result is? | I28: Uncertainty | K28: Minor | L28: Near-duplicate of aqa-chem-4.3-014: both ask for the word 'Uncertainty'. | M28: Remove, or replace with a different measurement question.
A29: aqa-chem-4.4-009 | B29: AQA | C29: Chemistry | D29: Separate and Combined | E29: Both | F29: Chemical changes | G29: 4.4.1.3 (Combined 5.4.1.3) | H29: Name an unreactive metal found in the Earth as the metal itself. | I29: Gold | J29: Au; Platinum; Silver | K29: Minor | L29: 'Name an unreactive metal' accepts gold, platinum and silver but Hex Hunt shows the letter G, so it only works if the class thinks of gold. | M29: Set hexOk false, or reword to the spec example ('Which unreactive yellow metal is found as the metal itself?').
A30: aqa-chem-4.4-024 | B30: AQA | C30: Chemistry | D30: Separate and Combined | E30: Both | F30: Chemical changes | G30: 4.4.2.3 (Combined 5.4.2.3) | H30: When making copper sulfate, what shows that enough copper oxide has been added? | I30: Black solid stays undissolved | J30: Solid no longer dissolves; Excess solid left at the bottom; Some solid remains; No more solid reacts | K30: Minor | L30: Hex letter B ('Black solid stays undissolved') while the natural answers ('some solid is left', 'excess solid', 'no more dissolves') start with S, E or N. | M30: Set hexOk false.
A31: aqa-chem-4.4-031 | B31: AQA | C31: Chemistry | D31: Separate only | E31: Both | F31: Chemical changes | G31: 4.4.2.5 | H31: Why is universal indicator not used in a titration? | I31: Gradual colour change, no sharp end point | J31: Colour changes gradually; No single clear colour change | K31: Minor | L31: Explanation answer on Hex Hunt (letter G); accepted answers start with C and N. | M31: Set hexOk false.
A32: aqa-chem-4.4-036 | B32: AQA | C32: Chemistry | D32: Separate and Combined | E32: Higher only | F32: Chemical changes | G32: 4.4.2.6 (Combined 5.4.2.5) | H32: The pH of an acid falls from 4 to 2. By what factor does the hydrogen ion concentration change? | I32: Increases 100 times | J32: 100; ×100; Factor of 100; 100 times greater | K32: Minor | L32: Numerical answer ('Increases 100 times') is on Hex Hunt with letter I; most students will simply write '100' or '100 times'. | M32: Set hexOk false (consider calcTag true: 10 to the power of the pH change).
A33: aqa-chem-4.4-047 | B33: AQA | C33: Chemistry | D33: Separate and Combined | E33: Both | F33: Chemical changes | G33: 4.4.3.3 (Combined 5.4.3.3) | H33: Why must the positive electrodes be replaced regularly in aluminium extraction? | I33: Carbon anode reacts with oxygen | J33: Anode burns away; Oxygen reacts with the carbon anode; Carbon reacts with oxygen to form carbon dioxide | K33: Minor | L33: Explanation answer on Hex Hunt (letter C); accepted answers start with A and O ('the anode burns away' is the commonest). | M33: Set hexOk false.
A34: aqa-chem-4.5-006 | B34: AQA | C34: Chemistry | D34: Separate and Combined | E34: Both | F34: Energy changes | G34: 4.5.1.1 (Combined 5.5.1.1) | H34: Name one everyday product that uses an exothermic reaction to warm something up. | I34: Hand warmer | J34: Hand warmers; Self-heating can; Self-heating cans | K34: Minor | L34: 'Name one everyday product' with two spec answers (hand warmer, self-heating can) is on Hex Hunt with letter H. | M34: Set hexOk false, or reword to point at hand warmers only.
A35: aqa-chem-4.5-012 | B35: AQA | C35: Chemistry | D35: Separate and Combined | E35: Both | F35: Energy changes | G35: 4.5.1.1 (Combined 5.5.1.1) | H35: Why must a self-heating can use an exothermic reaction rather than an endothermic one? | I35: Exothermic reactions release energy, raising the temperature | J35: Transfers energy to surroundings; Heats the food; Temperature increases | K35: Minor | L35: Long explanation answer on Hex Hunt (letter E); accepted answers start with T and H. | M35: Set hexOk false.
A36: aqa-chem-4.5-018 | B36: AQA | C36: Chemistry | D36: Separate and Combined | E36: Both | F36: Energy changes | G36: 4.5.1.1 (Combined 5.5.1.1) | H36: Why should the student stir the mixture before reading the temperature? | I36: Even temperature throughout the mixture | J36: Mixes reactants evenly; So the temperature is the same throughout; Makes reading accurate | K36: Minor | L36: Explanation answer on Hex Hunt (letter E); accepted answers start with M and S, and 'so the temperature is the same throughout' is the common answer. | M36: Set hexOk false.
A37: aqa-chem-4.5-024 | B37: AQA | C37: Chemistry | D37: Separate and Combined | E37: Both | F37: Energy changes | G37: 4.5.1.2 (Combined 5.5.1.2) | H37: On a reaction profile, the activation energy is measured from the reactants to which point? | I37: Peak of the curve | J37: Top of the curve; Highest point; Maximum of the curve; Top of the hump | K37: Minor | L37: Hex letter P ('Peak') while 'top of the curve' and 'highest point' are equally common and accepted. | M37: Set hexOk false.
A38: aqa-chem-4.5-038 | B38: AQA | C38: Chemistry | D38: Separate only | E38: Both | F38: Energy changes | G38: 4.5.2.1 | H38: How can a rechargeable cell be recharged? | I38: Supply an external electric current | J38: Connect to an external current; Pass a current through it; Plug into a charger | K38: Minor | L38: Explanation answer on Hex Hunt (letter S, 'Supply...'); accepted answers start with C and P. | M38: Set hexOk false.
A39: aqa-chem-4.5-042 | B39: AQA | C39: Chemistry | D39: Separate only | E39: Both | F39: Energy changes | G39: 4.5.2.2 | H39: In a fuel cell, hydrogen is oxidised electrochemically to produce what? | I39: Potential difference | J39: Voltage; Electricity; Electric current; pd | K39: Minor | L39: Hex letter P ('Potential difference'), but 'electricity' and 'voltage' are common correct answers and are accepted. | M39: Set hexOk false, or accept the P clue knowingly (it matches the spec wording).
A40: aqa-chem-4.6-013 | B40: AQA | C40: Chemistry | D40: Separate and Combined | E40: Both | F40: The rate and extent of chemical change | G40: 4.6.1.2 (Combined 5.6.1.2) | H40: In the gas collection practical, why does the volume of gas produced each second fall as the reaction goes on? | I40: Reactants are used up | J40: Acid concentration decreases; Acid is used up; Concentration of reactants falls; Fewer collisions per second; Less magnesium left | K40: Minor | L40: Explanation answer with five varied accepted answers is on Hex Hunt with letter R. | M40: Set hexOk false.
A41: aqa-chem-4.6-014 | B41: AQA | C41: Chemistry | D41: Separate and Combined | E41: Both | F41: The rate and extent of chemical change | G41: 4.6.1.3 (Combined 5.6.1.3) | H41: What is the minimum amount of energy that colliding particles must have to react called? | I41: Activation energy | K41: Minor | L41: Duplicate across packs: aqa-chem-4.5-019 asks the same question ('minimum energy that colliding particles must have to react', answer Activation energy). | M41: Remove one of the pair, or change this one to a different collision-theory question.
A42: aqa-chem-4.6-015 | B42: AQA | C42: Chemistry | D42: Separate and Combined | E42: Both | F42: The rate and extent of chemical change | G42: 4.6.1.3 (Combined 5.6.1.3) | H42: According to collision theory, what must reacting particles do for a reaction to happen? | I42: Collide with sufficient energy | J42: Collide with at least the activation energy; Collide with enough energy | K42: Minor | L42: Near-duplicate across packs of aqa-chem-4.5-021 (conditions for particles to react: collide with sufficient energy). | M42: Remove one of the pair, or reword this one (e.g. 'Why do most collisions not lead to a reaction?').
A43: aqa-chem-4.6-030 | B43: AQA | C43: Chemistry | D43: Separate and Combined | E43: Both | F43: The rate and extent of chemical change | G43: 4.6.2.2 (Combined 5.6.2.2) | H43: Why does white anhydrous copper sulfate get hot when water is added to it? | I43: Reaction with water is exothermic | J43: Hydration is exothermic; Adding water is exothermic; Reverse reaction is exothermic | K43: Minor | L43: Explanation answer on Hex Hunt (letter R); accepted answers start with H and A. | M43: Set hexOk false.
A44: aqa-chem-4.6-036 | B44: AQA | C44: Chemistry | D44: Separate and Combined | E44: Higher only | F44: The rate and extent of chemical change | G44: 4.6.2.4 (Combined 5.6.2.4) | H44: A system is at equilibrium and one of the conditions is changed. How does the system respond? | I44: Counteracts the change | J44: Opposes the change; Shifts to counteract the change | K44: Minor | L44: Hex letter C ('Counteracts'), but 'opposes the change' is the more common correct answer and is accepted. | M44: Set hexOk false, or accept the C clue knowingly (it matches the spec wording).
A45: aqa-chem-4.6-037 | B45: AQA | C45: Chemistry | D45: Separate and Combined | E45: Higher only | F45: The rate and extent of chemical change | G45: 4.6.2.4 (Combined 5.6.2.4) | H45: Name the three conditions that can be changed to alter the position of equilibrium. | I45: Concentration, temperature and pressure | J45: Concentration, temperature, pressure | K45: Minor | L45: List answer: only the order concentration, temperature, pressure is accepted; any order should be. | M45: Add '(any order)' to the accepted answer, as in aqa-chem-4.2-001.
A46: aqa-chem-4.7-005 | B46: AQA | C46: Chemistry | D46: Separate and Combined | E46: Both | F46: Organic chemistry | G46: 4.7.1.1 (Combined 5.7.1.1) | H46: An alkane molecule has 12 carbon atoms. How many hydrogen atoms does it have? | I46: 26 | J46: 26 hydrogen atoms; C₁₂H₂₆ | K46: Minor | L46: This is a calculation (2n + 2 with n = 12) but calcTag is false. | M46: Set calcTag true.
A47: aqa-chem-4.7-023 | B47: AQA | C47: Chemistry | D47: Separate only | E47: Both | F47: Organic chemistry | G47: 4.7.2.1 | H47: What type of bond do all alkene molecules contain? | I47: Carbon–carbon double bond | J47: C=C; Double bond; C=C double bond | K47: Minor | L47: Hex letter C ('Carbon-carbon double bond'), but most students will write 'double bond' or 'C=C' (accepted). | M47: Set hexOk false, or accept the C clue knowingly.
A48: aqa-chem-4.7-066 | B48: AQA | C48: Chemistry | D48: Separate and Combined | E48: Both | F48: Organic chemistry | G48: 4.7.1.2 (Combined 5.7.1.2) | H48: Apart from fuels, name one useful material made by the petrochemical industry. | I48: Plastics | J48: Polymers; Solvents; Lubricants; Detergents | K48: Minor | L48: 'Name one useful material' with four other accepted answers (polymers, solvents, lubricants, detergents) is on Hex Hunt with letter P. | M48: Set hexOk false.
A49: aqa-chem-4.7-070 | B49: AQA | C49: Chemistry | D49: Separate and Combined | E49: Both | F49: Organic chemistry | G49: 4.7.1.4 (Combined 5.7.1.4) | H49: Cracking an alkane gives an alkene and which other type of hydrocarbon? | I49: A shorter alkane | J49: Alkane; Alkanes; Smaller alkane | K49: Minor | L49: Hex letter S (from 'A shorter alkane'), but the expected answer is 'alkane' (A); the S clue will mislead. | M49: Make the answer 'Alkane' (accept 'A shorter alkane', 'Smaller alkane').
A50: aqa-chem-4.8-018 | B50: AQA | C50: Chemistry | D50: Separate and Combined | E50: Both | F50: Chemical analysis | G50: 4.8.2.1 (Combined 5.8.2.1) | H50: Describe the test for hydrogen and its positive result. | I50: Burning splint at tube opening; pop | J50: Lit splint gives a squeaky pop | K50: Minor | L50: Two-part test description on Hex Hunt (letter B); 'lit splint...' (accepted) starts with L. | M50: Set hexOk false.
A51: aqa-chem-4.8-025 | B51: AQA | C51: Chemistry | D51: Separate and Combined | E51: Both | F51: Chemical analysis | G51: 4.8.2.3 (Combined 5.8.2.3) | H51: Describe the test for carbon dioxide and its positive result. | I51: Bubble through limewater; limewater turns milky | J51: Limewater turns cloudy; Shake with limewater, goes milky | K51: Minor | L51: Two-part test description on Hex Hunt (letter B); accepted answers start with L and S. | M51: Set hexOk false.
A52: aqa-chem-4.8-028 | B52: AQA | C52: Chemistry | D52: Separate and Combined | E52: Both | F52: Chemical analysis | G52: 4.8.2.4 (Combined 5.8.2.4) | H52: A student tests a gas for chlorine using dry litmus paper. What should they do to the litmus paper first? | I52: Dampen it | J52: Make it damp; Wet it; Moisten it | K52: Minor | L52: Hex letter D ('Dampen it'), but 'wet it' and 'moisten it' (accepted) are the more natural answers. | M52: Set hexOk false, or accept the D clue knowingly.
A53: aqa-chem-4.8-039 | B53: AQA | C53: Chemistry | D53: Separate only | E53: Both | F53: Chemical analysis | G53: 4.8.3.2 | H53: What is the formula of the precipitate formed when sodium hydroxide solution is added to iron(III) ions? | I53: Fe(OH)3 | J53: Iron(III) hydroxide | K53: Minor | L53: Formula answer is on Hex Hunt (letter F from 'Fe'); the stored answer also uses a plain 3 rather than a subscript (Fe(OH)₃), unlike the other packs. | M53: Set hexOk false; write the answer as Fe(OH)₃ (keep Fe(OH)3 accepted).
... A56: aqa-chem-4.8-064 | B56: AQA | C56: Chemistry | D56: Separate and Combined | E56: Both | F56: Chemical analysis | G56: 4.8.1.2 (Combined 5.8.1.2) | H56: Give one example of a formulation. | I56: Paint | J56: Fuel; Cleaning agent; Alloy; Fertiliser; Food; Medicine | K56: Minor | L56: 'Give one example' with seven accepted answers is on Hex Hunt with letter P. | M56: Set hexOk false.
A57: aqa-chem-4.8-065 | B57: AQA | C57: Chemistry | D57: Separate and Combined | E57: Both | F57: Chemical analysis | G57: 4.8.2.1 (Combined 5.8.2.1) | H57: Which gas is tested for with a burning splint held at the mouth of a test tube? | I57: Hydrogen | K57: Minor | L57: Near-duplicate of aqa-chem-4.8-017 (burning splint at the mouth of the tube, answer Hydrogen). | M57: Remove, or replace with a different gas-test question.
A58: aqa-chem-4.9-008 | B58: AQA | C58: Chemistry | D58: Separate and Combined | E58: Both | F58: Chemistry of the atmosphere | G58: 4.9.1.2 (Combined 5.9.1.2) | H58: Why is the evidence about the Earth's early atmosphere limited? | I58: Very long time scale (4.6 billion years) | J58: It was 4.6 billion years ago; So long ago | K58: Minor | L58: Explanation answer on Hex Hunt (letter V from 'Very long time scale'); accepted answers start with I and S, so the clue does not fit. | M58: Set hexOk false.
A59: aqa-chem-4.9-009 | B59: AQA | C59: Chemistry | D59: Separate and Combined | E59: Both | F59: Chemistry of the atmosphere | G59: 4.9.1.2 (Combined 5.9.1.2) | H59: How did the formation of the oceans reduce carbon dioxide in the atmosphere? | I59: Dissolved, then precipitated as carbonate sediments | J59: Carbon dioxide dissolved in the oceans; Carbonates precipitated as sediments | K59: Minor | L59: Two-step explanation on Hex Hunt (letter D); accepted answers start with C. | M59: Set hexOk false.
A60: aqa-chem-4.9-016 | B60: AQA | C60: Chemistry | D60: Separate and Combined | E60: Both | F60: Chemistry of the atmosphere | G60: 4.9.1.4 (Combined 5.9.1.4) | H60: Crude oil and natural gas formed from the buried remains of which organisms? | I60: Plankton | J60: Tiny sea organisms; Marine organisms; Plankton in mud | K60: Minor | L60: Near-duplicate across packs of aqa-chem-4.7-002 (crude oil formed from plankton). | M60: Remove one of the pair, or change this one to ask about limestone or coal formation.
A61: aqa-chem-4.9-018 | B61: AQA | C61: Chemistry | D61: Separate and Combined | E61: Both | F61: Chemistry of the atmosphere | G61: 4.9.2.1 (Combined 5.9.2.1) | H61: Apart from water vapour, name the two main greenhouse gases. | I61: Carbon dioxide and methane | J61: CO2 and CH4 | K61: Minor | L61: Two-item answer: 'Methane and carbon dioxide' (other order) is not accepted. | M61: Add 'Methane and carbon dioxide' and 'CH4 and CO2' to accepted answers.
A62: aqa-chem-4.9-035 | B62: AQA | C62: Chemistry | D62: Separate and Combined | E62: Both | F62: Chemistry of the atmosphere | G62: 4.9.2.4 (Combined 5.9.2.4) | H62: Give one reason why actions to reduce carbon emissions may be limited. | I62: Cost | J62: Too expensive; Lack of money; Slows economic development; Lack of public cooperation; Lack of international agreement | K62: Minor | L62: 'Give one reason' with six varied accepted answers is on Hex Hunt with letter C. | M62: Set hexOk false.
A63: aqa-chem-4.9-040 | B63: AQA | C63: Chemistry | D63: Separate and Combined | E63: Both | F63: Chemistry of the atmosphere | G63: 4.9.3.1 (Combined 5.9.3.1) | H63: A fuel contains only carbon and hydrogen. Name the two products when it burns completely. | I63: Carbon dioxide and water | J63: CO2 and H2O; Carbon dioxide and water vapour | K63: Minor | L63: Duplicate across packs of aqa-chem-4.7-013 (complete combustion of a hydrocarbon gives carbon dioxide and water). | M63: Remove, or replace with a pollutant question (e.g. what forms when the fuel also contains sulfur).
A64: edexcel-chem-1-004 | B64: Edexcel | C64: Chemistry | D64: Separate and Combined | E64: Both | F64: Key concepts in chemistry | G64: 1.1 | H64: In the gold foil experiment, why did a few alpha particles bounce back? | I64: Hit a tiny, dense, positive nucleus | J64: Repelled by a small positive nucleus; positive nucleus with most of the mass | K64: Minor | L64: hexOk should be false: common correct answers start 'Repelled...', 'Positive nucleus...' or 'They hit...', not H. | M64: Set hexOk false.
A65: edexcel-chem-1-006 | B65: Edexcel | C65: Chemistry | D65: Separate and Combined | E65: Both | F65: Key concepts in chemistry | G65: 1.2 | H65: Where are the electrons in an atom found? | I65: Shells around the nucleus | J65: Energy levels; orbiting the nucleus; in shells | K65: Minor | L65: hexOk should be false: students commonly write 'In shells', 'Energy levels' or 'Orbiting the nucleus'. | M65: Set hexOk false.
A66: edexcel-chem-1-017 | B66: Edexcel | C66: Chemistry | D66: Separate and Combined | E66: Both | F66: Key concepts in chemistry | G66: 1.5 | H66: In the gold foil experiment, why did most alpha particles pass straight through the foil? | I66: Atoms are mostly empty space | J66: The nucleus is tiny; most of the atom is empty | K66: Minor | L66: hexOk should be false: answers such as 'Most of the atom is empty space' or 'Nucleus is tiny' start with other letters. | M66: Set hexOk false.
A67: edexcel-chem-1-040 | B67: Edexcel | C67: Chemistry | D67: Separate and Combined | E67: Both | F67: Key concepts in chemistry | G67: 1.13 | H67: Mendeleev placed elements in order of which quantity? | I67: Relative atomic mass | J67: Atomic weight; atomic mass | K67: Minor | L67: hexOk should be false: 'Atomic mass'/'Atomic weight' (accepted) start with A, not R. | M67: Set hexOk false.
A68: edexcel-chem-1-043 | B68: Edexcel | C68: Chemistry | D68: Separate and Combined | E68: Both | F68: Key concepts in chemistry | G68: 1.14 | H68: Name an element whose properties Mendeleev predicted before it was discovered. | I68: Germanium | J68: Gallium; scandium | K68: Minor | L68: Three accepted answers (germanium, gallium, scandium) start with different letters, so the hex letter G is unfair; eka-silicon/eka-aluminium also correct. | M68: Set hexOk false; add accept Eka-silicon; Eka-aluminium.
A69: edexcel-chem-1-045 | B69: Edexcel | C69: Chemistry | D69: Separate and Combined | E69: Both | F69: Key concepts in chemistry | G69: 1.15 | H69: Iodine has a lower relative atomic mass than tellurium. Why did Mendeleev still place iodine after tellurium? | I69: Iodine's properties match the halogens | J69: Iodine is like chlorine and bromine; to fit groups by properties | K69: Minor | L69: hexOk should be false: a sentence-length explanation; many correct phrasings (e.g. 'Similar properties to chlorine/bromine', 'To fit group 7'). | M69: Set hexOk false.
... A71: edexcel-chem-1-058 | B71: Edexcel | C71: Chemistry | D71: Separate and Combined | E71: Both | F71: Key concepts in chemistry | G71: 1.18 | H71: In terms of electrons, why do metals form positive ions? | I71: Lose their few outer electrons | J71: They have 1, 2 or 3 outer electrons to lose | K71: Minor | L71: hexOk should be false: explanations vary ('They have 1-3 outer electrons', 'Easier to lose...'). | M71: Set hexOk false.
A72: edexcel-chem-1-073 | B72: Edexcel | C72: Chemistry | D72: Separate and Combined | E72: Both | F72: Key concepts in chemistry | G72: 1.23 | H72: Sodium has atomic number 11. How many electrons are in a sodium ion, Na⁺? | I72: 10 | K72: Minor | L72: A calculation (11 - 1 = 10, spec 1.23 'Calculate') but calcTag is false. | M72: Set calcTag true.
A73: edexcel-chem-1-080 | B73: Edexcel | C73: Chemistry | D73: Separate and Combined | E73: Both | F73: Key concepts in chemistry | G73: 1.25 | H73: What does the ending "-ide" in a compound's name, such as sodium chloride, usually tell you? | I73: Contains only those two elements | J73: Two elements only; no oxygen in the negative ion | K73: Minor | L73: hexOk should be false: explanation-type answer; 'Two elements only' / 'No oxygen' start differently. | M73: Set hexOk false.
A74: edexcel-chem-1-081 | B74: Edexcel | C74: Chemistry | D74: Separate and Combined | E74: Both | F74: Key concepts in chemistry | G74: 1.25 | H74: What does the ending "-ate" in a compound's name, such as copper sulfate, tell you? | I74: The negative ion contains oxygen | J74: Contains oxygen; oxygen is also present | K74: Minor | L74: hexOk should be false: 'Contains oxygen' (accepted) starts with C, stored answer gives N (after 'The'). | M74: Set hexOk false.
A75: edexcel-chem-1-095 | B75: Edexcel | C75: Chemistry | D75: Separate and Combined | E75: Both | F75: Key concepts in chemistry | G75: 1.29 | H75: Why does solid sodium chloride not contain molecules? | I75: Ionic bonding, not covalent | J75: Made of ions; a lattice of ions; bonding is ionic | K75: Minor | L75: hexOk should be false: 'Made of ions' / 'It is ionic' / 'A lattice of ions' start differently. | M75: Set hexOk false.
A76: edexcel-chem-1-108 | B76: Edexcel | C76: Chemistry | D76: Separate and Combined | E76: Both | F76: Key concepts in chemistry | G76: 1.33 | H76: In which two states does an ionic compound conduct electricity? | I76: Molten and in aqueous solution | J76: Melted and dissolved in water; liquid and solution | K76: Minor | L76: hexOk should be false: order can be reversed ('In solution and molten', 'Liquid...', 'Dissolved...'). | M76: Set hexOk false.
A77: edexcel-chem-1-124 | B77: Edexcel | C77: Chemistry | D77: Separate and Combined | E77: Both | F77: Key concepts in chemistry | G77: 1.38 | H77: What is graphene? | I77: A single layer of graphite | J77: One layer of carbon atoms in hexagons; one atom thick sheet of carbon | K77: Minor | L77: hexOk should be false: first significant word is 'single'; 'One layer...' (accepted) starts with O. | M77: Set hexOk false.
A78: edexcel-chem-1-129 | B78: Edexcel | C78: Chemistry | D78: Separate and Combined | E78: Both | F78: Key concepts in chemistry | G78: 1.39 | H78: Why is poly(ethene) a solid at room temperature when ethene is a gas? | I78: Larger molecules, stronger intermolecular forces | J78: Long chains have stronger forces between them | K78: Minor | L78: hexOk should be false: 'Stronger intermolecular forces...' is an equally correct answer starting with S. | M78: Set hexOk false.
A79: edexcel-chem-1-145 | B79: Edexcel | C79: Chemistry | D79: Separate and Combined | E79: Both | F79: Key concepts in chemistry | G79: 1.44 | H79: 2.4 g of magnesium combines with 1.6 g of oxygen. What is the empirical formula? (Mg = 24, O = 16) | I79: MgO | K79: Minor | L79: Empirical formula from reacting masses is a calculation (0.1 : 0.1) but calcTag is false. | M79: Set calcTag true.
A80: edexcel-chem-1-146 | B80: Edexcel | C80: Chemistry | D80: Separate and Combined | E80: Both | F80: Key concepts in chemistry | G80: 1.44 | H80: A compound is 75% carbon and 25% hydrogen by mass. What is its empirical formula? (C = 12, H = 1) | I80: CH₄ | J80: CH4 | K80: Minor | L80: Empirical formula from percentages is a calculation (6.25 : 25 = 1 : 4) but calcTag is false. | M80: Set calcTag true.
A81: edexcel-chem-1-150 | B81: Edexcel | C81: Chemistry | D81: Separate and Combined | E81: Both | F81: Key concepts in chemistry | G81: 1.45 | H81: A compound has empirical formula CH₂ and relative molecular mass 42. What is its molecular formula? (C = 12, H = 1) | I81: C₃H₆ | J81: C3H6 | K81: Minor | L81: Molecular formula from Mr is a calculation (42 / 14 = 3) but calcTag is false. | M81: Set calcTag true.
A82: edexcel-chem-1-151 | B82: Edexcel | C82: Chemistry | D82: Separate and Combined | E82: Both | F82: Key concepts in chemistry | G82: 1.45 | H82: A compound has empirical formula NO₂ and relative molecular mass 92. What is its molecular formula? (N = 14, O = 16) | I82: N₂O₄ | J82: N2O4 | K82: Minor | L82: Molecular formula from Mr is a calculation (92 / 46 = 2) but calcTag is false. | M82: Set calcTag true.
A83: edexcel-chem-1-154 | B83: Edexcel | C83: Chemistry | D83: Separate and Combined | E83: Both | F83: Key concepts in chemistry | G83: 1.46 | H83: Why is the crucible lid kept on for most of the heating? | I83: Stops magnesium oxide escaping | J83: Prevents loss of white smoke; stops product escaping | K83: Minor | L83: hexOk should be false: 'Prevents...' (accepted) and 'Product would escape' start differently. | M83: Set hexOk false.
A84: edexcel-chem-1-157 | B84: Edexcel | C84: Chemistry | D84: Separate and Combined | E84: Both | F84: Key concepts in chemistry | G84: 1.47 | H84: A precipitation reaction happens in a sealed flask. What happens to the total mass? | I84: Stays the same | J84: No change; unchanged | K84: Minor | L84: hexOk should be false: 'No change' and 'Unchanged' (both accepted) start with N and U. | M84: Set hexOk false.
A85: edexcel-chem-1-158 | B85: Edexcel | C85: Chemistry | D85: Separate and Combined | E85: Both | F85: Key concepts in chemistry | G85: 1.47 | H85: Marble chips react with acid in an open flask. Why does the mass of the flask decrease? | I85: Carbon dioxide gas escapes | J85: A gas is given off and lost to the air | K85: Minor | L85: hexOk should be false: 'A gas is given off' (accepted, G after 'a') and 'Gas escapes' start differently from C. | M85: Set hexOk false.
A86: edexcel-chem-1-175 | B86: Edexcel | C86: Chemistry | D86: Separate and Combined | E86: Higher only | F86: Key concepts in chemistry | G86: 1.51 | H86: How many atoms are in 12 g of carbon? (C = 12) | I86: 6.02 × 10²³ | J86: 6 × 10²³ | K86: Minor | L86: A particle calculation (12/12 x 6.02e23) but calcTag is false. | M86: Set calcTag true.
A87: edexcel-chem-2-003 | B87: Edexcel | C87: Chemistry | D87: Separate and Combined | E87: Both | F87: States of matter and mixtures | G87: 2.1 | H87: Describe the arrangement of particles in a liquid. | I87: Close together, randomly arranged | J87: Touching but irregular; close together with no regular pattern | K87: Minor | L87: hexOk should be false: descriptions vary ('Touching...', 'Randomly arranged and close'). | M87: Set hexOk false.
A88: edexcel-chem-2-004 | B88: Edexcel | C88: Chemistry | D88: Separate and Combined | E88: Both | F88: States of matter and mixtures | G88: 2.1 | H88: Describe the movement of particles in a gas. | I88: Move quickly in random directions | J88: Fast, random movement; move randomly at high speed | K88: Minor | L88: hexOk should be false: descriptions vary ('Fast and random', 'Randomly...'). | M88: Set hexOk false.
A89: edexcel-chem-2-009 | B89: Edexcel | C89: Chemistry | D89: Separate and Combined | E89: Both | F89: States of matter and mixtures | G89: 2.3 | H89: What happens to the energy of the particles when a solid melts? | I89: Increases | J89: They gain energy; particles gain energy | K89: Minor | L89: hexOk should be false: 'They gain energy' / 'Particles gain energy' (accepted) start with T/P/G, not I. | M89: Set hexOk false.
A90: edexcel-chem-2-015 | B90: Edexcel | C90: Chemistry | D90: Separate and Combined | E90: Both | F90: States of matter and mixtures | G90: 2.5 | H90: In chemistry, what is a pure substance? | I90: A single element or compound | J90: Only one element or compound; one substance not mixed with anything else | K90: Minor | L90: hexOk should be false: first significant word is 'single'; 'Only one...' / 'One substance' (accepted) start with O. | M90: Set hexOk false.
A91: edexcel-chem-2-016 | B91: Edexcel | C91: Chemistry | D91: Separate and Combined | E91: Both | F91: States of matter and mixtures | G91: 2.5 | H91: In everyday use, what does "pure" usually mean? | I91: Natural with nothing added | J91: Nothing added; untreated; natural; unadulterated | K91: Minor | L91: hexOk should be false: accepted 'Untreated', 'Unadulterated' start with U; 'Nothing added' with N. | M91: Set hexOk false.
... A155: edexcel-chem-5-031 | B155: Edexcel | C155: Chemistry | D155: Separate only | E155: Both | F155: Separate chemistry 1 | G155: 5.9C | H155: In a titration, which piece of apparatus measures exactly 25.0 cm³ of alkali into the flask? | I155: Pipette | J155: Volumetric pipette; pipette and filler | K155: Minor | L155: Duplicate of edexcel-chem-3-059 ('Which apparatus measures out exactly 25.0 cm³ of alkali into the flask for a titration?' => Pipette). | M155: Remove one, or reword this one (e.g. what is used to fill the pipette safely).
A156: edexcel-chem-5-032 | B156: Edexcel | C156: Chemistry | D156: Separate only | E156: Both | F156: Separate chemistry 1 | G156: 5.9C | H156: In a titration, which piece of apparatus is used to add the acid gradually? | I156: Burette | K156: Minor | L156: Near-duplicate of edexcel-chem-3-060 ('Which apparatus is used to add acid a little at a time during a titration?' => Burette). | M156: Remove one, or replace with another 5.9C detail (e.g. why the burette is read at eye level / from the bottom of the meniscus).
A157: edexcel-chem-5-045 | B157: Edexcel | C157: Chemistry | D157: Separate only | E157: Both | F157: Separate chemistry 1 | G157: 5.12C | H157: Some product is left behind on the filter paper. Which cause of a low yield is this? | I157: Practical losses | J157: Losses during the experiment; loss when transferring | K157: Minor | L157: hexOk should be false: 'Losses during the experiment' (accepted) starts with L, not P. | M157: Set hexOk false.
A158: edexcel-chem-5-046 | B158: Edexcel | C158: Chemistry | D158: Separate only | E158: Both | F158: Separate chemistry 1 | G158: 5.12C | H158: What name is given to unwanted reactions that make other products and lower the yield? | I158: Side reactions | J158: Competing reactions; competing, unwanted reactions | K158: Minor | L158: hexOk should be false: 'Competing reactions' (accepted) starts with C, not S. | M158: Set hexOk false.
A159: edexcel-chem-5-047 | B159: Edexcel | C159: Chemistry | D159: Separate only | E159: Both | F159: Separate chemistry 1 | G159: 5.12C | H159: Why can a reversible reaction never give a 100% yield? | I159: Incomplete reaction: products turn back into reactants | J159: Incomplete reaction; does not go to completion; reaches equilibrium | K159: Minor | L159: hexOk should be false: 'Reaches equilibrium' / 'Does not go to completion' (accepted) start with R/D. | M159: Set hexOk false.
A160: edexcel-chem-5-053 | B160: Edexcel | C160: Chemistry | D160: Separate only | E160: Both | F160: Separate chemistry 1 | G160: 5.14C | H160: What is the atom economy for ammonia in N₂ + 3H₂ → 2NH₃? | I160: 100% | J160: 100 | K160: Minor | L160: A 5.14C atom economy calculation (2 x 17 / (28 + 6) x 100 = 100%) but calcTag is false. | M160: Set calcTag true.
A161: edexcel-chem-5-054 | B161: Edexcel | C161: Chemistry | D161: Separate only | E161: Higher only | F161: Separate chemistry 1 | G161: 5.15C | H161: Two routes have equal yield and rate. Route A has 100% atom economy and Route B has 60%. Which is chosen? | I161: Route A | J161: A | K161: Minor | L161: hexOk should be false: the natural answer 'A' (accepted) is a one-letter answer that the game may treat as the article; letter R vs A is unclear. | M161: Set hexOk false.
A162: edexcel-chem-5-056 | B162: Edexcel | C162: Chemistry | D162: Separate only | E162: Higher only | F162: Separate chemistry 1 | G162: 5.15C | H162: A route has a very high equilibrium yield but takes weeks. Why might it be rejected? | I162: Rate is too slow | J162: Too slow; slow rate makes it uneconomic | K162: Minor | L162: hexOk should be false: 'Too slow' (accepted) starts with T, not R. | M162: Set hexOk false.
A163: edexcel-chem-5-068 | B163: Edexcel | C163: Chemistry | D163: Separate only | E163: Both | F163: Separate chemistry 1 | G163: 5.19C | H163: Name the two reactants in the Haber process. | I163: Nitrogen and hydrogen | J163: Hydrogen and nitrogen; N₂ and H₂ | K163: Minor | L163: hexOk should be false: the reactants can be given in either order ('Hydrogen and nitrogen' is accepted). | M163: Set hexOk false.
A164: edexcel-chem-5-069 | B164: Edexcel | C164: Chemistry | D164: Separate only | E164: Both | F164: Separate chemistry 1 | G164: 5.19C | H164: What does the ⇌ symbol in the Haber process equation show? | I164: Reversible reaction | J164: The reaction is reversible; goes both ways | K164: Minor | L164: Near-duplicate of edexcel-chem-4-042 ('What does the symbol ⇌ mean in a chemical equation?' => Reversible reaction). | M164: Remove, or replace with another 5.19C question.
A165: edexcel-chem-5-071 | B165: Edexcel | C165: Chemistry | D165: Separate only | E165: Higher only | F165: Separate chemistry 1 | G165: 5.20C | H165: How does raising the temperature affect the rate at which equilibrium is reached? | I165: Equilibrium is reached faster | J165: Faster; increases the rate; less time | K165: Minor | L165: hexOk should be false: 'Faster' / 'Increases the rate' (accepted) start with F/I, not E. | M165: Set hexOk false.
A166: edexcel-chem-5-072 | B166: Edexcel | C166: Chemistry | D166: Separate only | E166: Higher only | F166: Separate chemistry 1 | G166: 5.20C | H166: How does raising the pressure of reacting gases affect the time taken to reach equilibrium? | I166: Shorter time | J166: Reached faster; less time; quicker | K166: Minor | L166: hexOk should be false: 'Reached faster', 'Less time', 'Quicker' (accepted) start with R/L/Q, not S. | M166: Set hexOk false.
A167: edexcel-chem-5-073 | B167: Edexcel | C167: Chemistry | D167: Separate only | E167: Higher only | F167: Separate chemistry 1 | G167: 5.20C | H167: How does adding a catalyst affect the rate at which equilibrium is reached? | I167: Equilibrium is reached faster | J167: Faster; increases rate; less time | K167: Minor | L167: hexOk should be false: 'Faster' / 'Increases rate' (accepted) start with F/I, not E. | M167: Set hexOk false.
A168: edexcel-chem-5-076 | B168: Edexcel | C168: Chemistry | D168: Separate only | E168: Higher only | F168: Separate chemistry 1 | G168: 5.21C | H168: Why is a much lower temperature than 450 °C not used in the Haber process? | I168: Rate would be too slow | J168: Too slow; reaction too slow | K168: Minor | L168: hexOk should be false: 'Too slow' (accepted) starts with T, not R. | M168: Set hexOk false.
...

Sheet Physics
A1: ID | B1: Board | C1: Subject | D1: Course | E1: Tier | F1: Topic | G1: Spec ref | H1: Question | I1: Answer | J1: Accepted answers | K1: Grade | L1: Reason | M1: Suggested fix | N1: Rob's decision | O1: Rob's note
A2: aqa-phys-4.3-048 | B2: AQA | C2: Physics | D2: Separate and Combined | E2: Both | F2: Particle model of matter | G2: 4.3.3.1 (Combined 6.3.3.1) | H2: What is the name of the temperature scale that starts at absolute zero? | I2: Kelvin | K2: Wrong | L2: Off the specification: neither 8463 nor 8464 mentions the kelvin scale or absolute zero (the Kelvin scale was in the legacy specification, not this one); 4.3.3.1 only relates temperature to average kinetic energy. | M2: Remove, or replace with an on-spec 4.3.3.1 question, e.g. 'The temperature of a gas is related to the average of which energy of its molecules?' (but see 4.3-032, which already asks this).
A3: aqa-phys-4.6-010 | B3: AQA | C3: Physics | D3: Separate and Combined | E3: Both | F3: Waves | G3: 4.6.1.2 (Combined 6.6.1.2) | H3: Sound passes from air into water, where it travels faster. What happens to its wavelength? | I3: Increases | J3: Gets longer; Longer | K3: Wrong | L3: Tagged Separate and Combined, but how velocity, frequency and wavelength are inter-related when sound passes from one medium to another is a '(Physics only)' statement in 8463 4.6.1.2 and is absent from Trilogy 6.6.1.2. | M3: Tag Separate only (add 'Sep: yes'). The physics and answer are correct.
A4: aqa-phys-4.7-020 | B4: AQA | C4: Physics | D4: Separate and Combined | E4: Both | F4: Magnetism and electromagnetism | G4: 4.7.2.1 (Combined 6.7.2.1) | H4: In an electric bell or relay, why is an electromagnet used instead of a permanent magnet? | I4: Can be switched on and off | J4: Magnetism can be turned off; Switched off when current stops | K4: Wrong | L4: Tagged Separate and Combined, but explaining how electromagnetic devices such as bells and relays work is the '(Physics only)' statement in 8463 4.7.2.1; Trilogy 6.7.2.1 has no device content. | M4: Tag Separate only (add 'Sep: yes'); the answer itself is fine.
A5: edexcel-phys-3-050 | B5: Edexcel | C5: Physics | D5: Separate and Combined | E5: Both | F5: Conservation of energy | G5: 3.2 | H5: What energy store does an object raised above the ground have? | I5: Gravitational potential energy | J5: Gravitational potential | K5: Wrong | L5: Ref 3.2 is the kinetic energy equation; a raised object's GPE store belongs to 3.1. Also near-duplicate of edexcel-phys-8-060. (Graded Wrong: a wrong specification reference is a wrong tag.) | M5: Change Ref to 3.1 (or 3.5); consider removing as a duplicate.
A6: edexcel-phys-3-051 | B6: Edexcel | C6: Physics | D6: Separate and Combined | E6: Both | F6: Conservation of energy | G6: 3.1 | H6: What energy store do moving objects have? | I6: Kinetic energy | J6: Kinetic | K6: Wrong | L6: Ref 3.1 is the GPE equation; the kinetic store belongs to 3.2. Also near-duplicate of edexcel-phys-8-061. (Graded Wrong: a wrong specification reference is a wrong tag.) | M6: Change Ref to 3.2; consider removing as a duplicate.
A7: edexcel-phys-8-058 | B7: Edexcel | C7: Physics | D7: Separate and Combined | E7: Both | F7: Energy – forces doing work | G7: 8.5 | H7: What force opposes motion between two surfaces in contact? | I7: Friction | K7: Wrong | L7: Ref 8.5 is measuring work done; 'what force opposes motion between surfaces' is 9.1b (contact forces including friction). (Graded Wrong: a wrong specification reference is a wrong tag.) | M7: Change Ref to 9.1 (or remove, as it is generic).
A8: edexcel-phys-8-060 | B8: Edexcel | C8: Physics | D8: Separate and Combined | E8: Both | F8: Energy – forces doing work | G8: 8.9 | H8: What energy store does an object gain when it is lifted? | I8: Gravitational potential energy | J8: Gravitational potential | K8: Wrong | L8: Ref 8.9 is the kinetic energy equation; GPE belongs to 8.8 (or 8.1). Near-duplicate of edexcel-phys-8-001 and edexcel-phys-3-050. (Graded Wrong: a wrong specification reference is a wrong tag.) | M8: Change Ref to 8.8, or remove as a duplicate.
A9: edexcel-phys-8-061 | B9: Edexcel | C9: Physics | D9: Separate and Combined | E9: Both | F9: Energy – forces doing work | G9: 8.8 | H9: What name is given to the energy of a moving object? | I9: Kinetic energy | J9: Kinetic | K9: Wrong | L9: Ref 8.8 is the GPE equation; kinetic energy belongs to 8.9. Near-duplicate of edexcel-phys-8-065 and edexcel-phys-3-051. (Graded Wrong: a wrong specification reference is a wrong tag.) | M9: Change Ref to 8.9, or remove as a duplicate.
A10: edexcel-phys-8-065 | B10: Edexcel | C10: Physics | D10: Separate and Combined | E10: Both | F10: Energy – forces doing work | G10: 8.4 | H10: What type of energy store does a moving car have? | I10: Kinetic energy store | J10: Kinetic | K10: Wrong | L10: Ref 8.4 is about ways energy is transferred (work, electrically, heating), not stores; a moving car's kinetic store fits 8.1. (Graded Wrong: a wrong specification reference is a wrong tag.) | M10: Change Ref to 8.1.
A11: edexcel-phys-8-066 | B11: Edexcel | C11: Physics | D11: Separate and Combined | E11: Both | F11: Energy – forces doing work | G11: 8.4 | H11: What type of energy store is released when fuel is burned in an engine? | I11: Chemical energy store | J11: Chemical | K11: Wrong | L11: Ref 8.4 is about ways energy is transferred, not stores; fuel's chemical store fits 8.1. Near-duplicate of edexcel-phys-8-002. (Graded Wrong: a wrong specification reference is a wrong tag.) | M11: Change Ref to 8.1.
A12: aqa-phys-4.3-051 | B12: AQA | C12: Physics | D12: Separate and Combined | E12: Both | F12: Particle model of matter | G12: 4.3.3.1 (Combined 6.3.3.1) | H12: How do gas particles move between collisions? | I12: In straight lines | J12: Straight lines | K12: Doubtful | L12: Straight-line motion between collisions is sound kinetic theory but is not in the 4.3.3.1 statement, which says only 'constant random motion'; students taught to the specification may not have met it. | M12: Rob to decide; keep only if happy to go beyond the spec wording, otherwise remove.
A13: aqa-phys-4.7-054 | B13: AQA | C13: Physics | D13: Separate and Combined | E13: Both | F13: Magnetism and electromagnetism | G13: 4.7.2.1 (Combined 6.7.2.1) | H13: Why is the core of an electromagnet made of iron rather than steel? | I13: Iron loses its magnetism quickly | J13: Iron is an induced magnet; Iron demagnetises when switched off | K13: Doubtful | L13: Iron versus steel cores (soft versus hard magnetic materials) is not in 4.7.2.1 or Trilogy 6.7.2.1, which only say an electromagnet has an iron core; steel is listed as a magnetic material without this distinction. Combined students may not have met it. | M13: Rob to decide; either tag Separate only (link to 4.7.3.4 'iron is used as it is easily magnetised') or remove.
A14: edexcel-phys-10-058 | B14: Edexcel | C14: Physics | D14: Separate and Combined | E14: Both | F14: Electricity and circuits | G14: 10.17 | H14: In the filament lamp practical, why should the circuit be switched off between readings? | I14: To stop the filament heating up | J14: Keep the temperature constant; resistance changes with temperature; to avoid overheating | K14: Doubtful | L14: In the filament lamp investigation the filament is meant to heat up (that is why its resistance rises), so 'to stop the filament heating up' is a muddled reason; switching off between readings is to keep a fixed resistor (and the wires) from warming and changing resistance. | M14: Reword to 'In the resistor practical, why should the circuit be switched off between readings?' Answer: To stop the resistor heating up. Accept: Keep its temperature constant; so its resistance stays the same.
A15: edexcel-phys-9-046 | B15: Edexcel | C15: Physics | D15: Separate and Combined | E15: Higher only | F15: Forces and their effects | G15: 9.3 | H15: A 10 N force acts at 30° above the horizontal. About how large is its horizontal component? | I15: About 8.7 N | J15: 8.7 N; 9 N; 8.66 N | K15: Doubtful | L15: 9.3 limits resolution to scale drawings only; finding 10 cos 30° in a quick-fire round needs trigonometry, which is beyond the GCSE physics statement, and is not practical as a scale drawing on a whiteboard. | M15: Remove, or reword as a scale-drawing estimate with a wider tolerance (e.g. 'about 9 N'), or use a 3-4-5 style case.
A16: aqa-phys-4.1-018 | B16: AQA | C16: Physics | D16: Separate and Combined | E16: Both | F16: Energy | G16: 4.1.1.2 (Combined 6.1.1.2) | H16: A car's speed doubles. By what factor does its kinetic energy increase? | I16: Four times | J16: 4; ×4; Quadruples | K16: Minor | L16: hexOk is true but the answer is a number; most students will write '4' or 'x4' (or 'quadruples'), so the letter F does not match common correct answers. It is also a proportional-reasoning calculation without a calc tag. | M16: Set hexOk false; consider calcTag true.
A17: aqa-phys-4.1-032 | B17: AQA | C17: Physics | D17: Separate and Combined | E17: Both | F17: Energy | G17: 4.1.1.4 (Combined 6.1.1.4) | H17: Two motors lift the same load through the same height. Motor A takes 5 s and motor B takes 10 s. How many times more powerful is A? | I17: Twice | J17: 2; Two times; Double | K17: Minor | L17: hexOk is true but the answer is a number; students will write '2', 'double' or 'twice', which start with different letters. | M17: Set hexOk false; consider calcTag true.
A18: aqa-phys-4.1-038 | B18: AQA | C18: Physics | D18: Separate and Combined | E18: Both | F18: Energy | G18: 4.1.2.1 (Combined 6.1.2.1) | H18: What happens to the rate of energy transfer by conduction through a material with a higher thermal conductivity? | I18: Higher rate | J18: Increases; Faster; Higher | K18: Minor | L18: hexOk is true but the natural answer to 'what happens to the rate' is 'it increases', not 'Higher rate', so the letter H does not match common correct answers. | M18: Set hexOk false (or reword to 'Is the rate higher or lower?').
A19: aqa-phys-4.1-039 | B19: AQA | C19: Physics | D19: Separate and Combined | E19: Both | F19: Energy | G19: 4.1.2.1 (Combined 6.1.2.1) | H19: How do thicker walls with a lower thermal conductivity affect the rate of cooling of a house? | I19: Slower rate of cooling | J19: Slower; Decreases; Lower; Reduces it | K19: Minor | L19: hexOk is true but common correct answers start 'Decreases', 'Lower', 'Reduces' or 'Slower', so the letter S is not reliable. | M19: Set hexOk false.
... A43: aqa-phys-4.3-039 | B43: AQA | C43: Physics | D43: Separate only | E43: Higher only | F43: Particle model of matter | G43: 4.3.3.3 | H43: What is meant by work, in terms of energy and force? | I43: Energy transferred by a force | J43: Transfer of energy by a force; Energy transfer by a force | K43: Minor | L43: hexOk is true but the specification's own wording 'Transfer of energy by a force' (accepted) starts with T, not E. | M43: Set hexOk false.
A44: aqa-phys-4.3-044 | B44: AQA | C44: Physics | D44: Separate and Combined | E44: Both | F44: Particle model of matter | G44: 4.3.1.2 (Combined 6.3.1.2) | H44: What is the change of state from solid straight to gas called? | I44: Sublimation | K44: Minor | L44: Duplicate of aqa-phys-4.3-012 in the same pack ('change of state directly from solid to gas' / 'solid straight to gas', both Sublimation). | M44: Remove one of the two.
A45: aqa-phys-4.4-003 | B45: AQA | C45: Physics | D45: Separate and Combined | E45: Both | F45: Atomic structure | G45: 4.4.1.1 (Combined 6.4.1.1) | H45: An electron absorbs electromagnetic radiation. How does its position in the atom change? | I45: Higher energy level, further from nucleus | J45: Moves to a higher energy level; Moves further from the nucleus | K45: Minor | L45: hexOk is true on a description; 'Moves further from the nucleus' (accepted, and the spec's own wording) starts with M, not H. | M45: Set hexOk false.
A46: aqa-phys-4.4-011 | B46: AQA | C46: Physics | D46: Separate and Combined | E46: Both | F46: Atomic structure | G46: 4.4.1.3 (Combined 6.4.1.3) | H46: Which scientist provided the evidence that neutrons exist in the nucleus? | I46: James Chadwick | J46: Chadwick | K46: Minor | L46: hexOk is true but most students will write just 'Chadwick' (accepted), which starts with C, not J. | M46: Set hexOk false, or make the stored answer 'Chadwick' with 'James Chadwick' accepted.
A47: aqa-phys-4.4-017 | B47: AQA | C47: Physics | D47: Separate and Combined | E47: Both | F47: Atomic structure | G47: 4.4.2.1 (Combined 6.4.2.1) | H47: What is a beta particle? | I47: High-speed electron from the nucleus | J47: Fast electron; Electron emitted from the nucleus | K47: Minor | L47: hexOk is true but common correct answers start 'Fast electron', 'An electron' or 'Electron from the nucleus', not H. | M47: Set hexOk false.
A48: aqa-phys-4.4-021 | B48: AQA | C48: Physics | D48: Separate and Combined | E48: Both | F48: Atomic structure | G48: 4.4.2.2 (Combined 6.4.2.2) | H48: A nucleus with mass number 226 and atomic number 88 emits an alpha particle. What are the new mass number and atomic number? | I48: Mass number 222, atomic number 86 | J48: 222 and 86 | K48: Minor | L48: hexOk is true on a numerical answer (students will write '222 and 86'), and the arithmetic (226 - 4, 88 - 2) is a calculation without a calc tag. | M48: Set hexOk false and calcTag true.
A49: aqa-phys-4.4-022 | B49: AQA | C49: Physics | D49: Separate and Combined | E49: Both | F49: Atomic structure | G49: 4.4.2.2 (Combined 6.4.2.2) | H49: A nucleus with mass number 14 and atomic number 6 emits a beta particle. What are the new mass number and atomic number? | I49: Mass number 14, atomic number 7 | J49: 14 and 7 | K49: Minor | L49: hexOk is true on a numerical answer (students will write '14 and 7'), and the balancing is a calculation without a calc tag. | M49: Set hexOk false and calcTag true.
A50: aqa-phys-4.4-026 | B50: AQA | C50: Physics | D50: Separate and Combined | E50: Higher only | F50: Atomic structure | G50: 4.4.2.3 (Combined 6.4.2.3) | H50: After three half-lives, what is the ratio of the final count rate to the initial count rate? | I50: 1:8 | J50: 1/8; One eighth; 0.125 | K50: Minor | L50: Calculating the ratio after three half-lives ((1/2)^3) is a calculation, but calcTag is false. | M50: Set calcTag true.
A51: aqa-phys-4.4-029 | B51: AQA | C51: Physics | D51: Separate and Combined | E51: Both | F51: Atomic structure | G51: 4.4.2.4 (Combined 6.4.2.4) | H51: Why should findings about the effects of radiation on humans be published and shared? | I51: Peer review | J51: So other scientists can check them; To be checked by other scientists | K51: Minor | L51: 'Peer review' does not grammatically answer 'Why...?'; the natural answer 'So other scientists can check them' (accepted) starts with S, so hexOk is unreliable. | M51: Set hexOk false, or reword to 'Findings on radiation and humans are shared so they can be checked by what process?' A: Peer review.
A52: aqa-phys-4.4-040 | B52: AQA | C52: Physics | D52: Separate only | E52: Both | F52: Atomic structure | G52: 4.4.3.3 | H52: What is the main risk to a patient of medical uses of nuclear radiation? | I52: Damage to healthy cells | J52: Healthy cells damaged; Could cause cancer; Mutations in healthy cells | K52: Minor | L52: hexOk is true but 'Could cause cancer' (accepted) and 'Mutations' start with different letters. | M52: Set hexOk false.
A53: aqa-phys-4.4-042 | B53: AQA | C53: Physics | D53: Separate only | E53: Both | F53: Atomic structure | G53: 4.4.4.1 | H53: What is the splitting of a large, unstable nucleus called? | I53: Nuclear fission | J53: Fission | K53: Minor | L53: hexOk is true but many students will write just 'Fission' (accepted), which starts with F, not N. | M53: Set hexOk false, or store 'Fission' with 'Nuclear fission' accepted.
A54: aqa-phys-4.4-043 | B54: AQA | C54: Physics | D54: Separate only | E54: Both | F54: Atomic structure | G54: 4.4.4.1 | H54: Name one element used as fuel in nuclear fission reactors. | I54: Uranium | J54: Plutonium | K54: Minor | L54: hexOk is true but uranium and plutonium are both correct (the spec names both), so the letter U is only right for one. | M54: Set hexOk false.
A55: aqa-phys-4.4-046 | B55: AQA | C55: Physics | D55: Separate only | E55: Both | F55: Atomic structure | G55: 4.4.4.1 | H55: How does the chain reaction in a nuclear reactor differ from that in a nuclear weapon? | I55: Reactor controlled, weapon uncontrolled | J55: Controlled in a reactor; Uncontrolled in a weapon | K55: Minor | L55: hexOk is true on a comparison; answers start 'Controlled...', 'Uncontrolled...', 'In a reactor...', not reliably R. | M55: Set hexOk false.
A56: aqa-phys-4.4-047 | B56: AQA | C56: Physics | D56: Separate only | E56: Both | F56: Atomic structure | G56: 4.4.4.2 | H56: What is the joining of two light nuclei to form a heavier nucleus called? | I56: Nuclear fusion | J56: Fusion | K56: Minor | L56: hexOk is true but many students will write just 'Fusion' (accepted), which starts with F, not N. | M56: Set hexOk false, or store 'Fusion' with 'Nuclear fusion' accepted.
... A135: aqa-phys-4.8-044 | B135: AQA | C135: Physics | D135: Separate only | E135: Both | F135: Space physics | G135: 4.8.2 | H135: Scientists arrived at theories such as the Big Bang by explaining what? | I135: Observations | J135: Evidence; Data; Observed evidence; Red-shift observations | K135: Minor | L135: hexOk is true but common correct answers start differently ('Evidence', 'Data' are accepted), so the game letter does not match many right answers. | M135: Set hexOk false.
A136: edexcel-phys-1-043 | B136: Edexcel | C136: Physics | D136: Separate and Combined | E136: Both | F136: Key concepts of physics | G136: 1.2 | H136: What prefix means one millionth? | I136: Micro | K136: Minor | L136: Near-duplicate of edexcel-phys-1-017 (prefix for 10⁻⁶ / one millionth, answer Micro). | M136: Remove, or keep one of the two.
A137: edexcel-phys-1-045 | B137: Edexcel | C137: Physics | D137: Separate and Combined | E137: Both | F137: Key concepts of physics | G137: 1.2 | H137: What prefix means one billionth? | I137: Nano | K137: Minor | L137: Near-duplicate of edexcel-phys-1-018 (10⁻⁹ = one billionth, answer Nano). | M137: Remove, or keep one of the two.
A138: edexcel-phys-1-047 | B138: Edexcel | C138: Physics | D138: Separate and Combined | E138: Both | F138: Key concepts of physics | G138: 1.2 | H138: What prefix means one billion? | I138: Giga | K138: Minor | L138: Near-duplicate of edexcel-phys-1-016 (10⁹ = one billion, answer Giga). | M138: Remove, or keep one of the two.
A139: edexcel-phys-1-049 | B139: Edexcel | C139: Physics | D139: Separate and Combined | E139: Both | F139: Key concepts of physics | G139: 1.4 | H139: What name is given to numbers written as A × 10ⁿ? | I139: Standard form | K139: Minor | L139: Duplicate of edexcel-phys-1-031 (name for A × 10ⁿ, answer Standard form). | M139: Remove.
A140: edexcel-phys-1-051 | B140: Edexcel | C140: Physics | D140: Separate and Combined | E140: Both | F140: Key concepts of physics | G140: 1.2 | H140: What prefix means one trillionth? | I140: Pico | K140: Minor | L140: Pico is not one of the prefixes listed in 1.2 (G, M, k, c, m, μ, n); beyond what Edexcel examines. | M140: Remove, or replace with a listed prefix question.
A141: edexcel-phys-1-052 | B141: Edexcel | C141: Physics | D141: Separate and Combined | E141: Both | F141: Key concepts of physics | G141: 1.2 | H141: What prefix means one tenth? | I141: Deci | K141: Minor | L141: Deci is not one of the prefixes listed in 1.2 (G, M, k, c, m, μ, n); beyond what Edexcel examines. | M141: Remove, or replace with a listed prefix question.
A142: edexcel-phys-11-035 | B142: Edexcel | C142: Physics | D142: Separate only | E142: Both | F142: Static electricity | G142: 11.1P | H142: Which particles are transferred when an insulator is charged by friction? | I142: Electrons | J142: Electron | K142: Minor | L142: Duplicate of 11-001 ('charged by rubbing' vs 'charged by friction', same answer Electrons). | M142: Remove.
A143: edexcel-phys-11-037 | B143: Edexcel | C143: Physics | D143: Separate only | E143: Both | F143: Static electricity | G143: 11.3P | H143: What do unlike charges do to each other? | I143: Attract | K143: Minor | L143: Near-duplicate of 11-009 (force between opposite charges: attraction). | M143: Remove, or replace with a different 11.3P item (e.g. a charged rod and a ball with the opposite charge: what happens?).
A144: edexcel-phys-11-038 | B144: Edexcel | C144: Physics | D144: Separate only | E144: Both | F144: Static electricity | G144: 11.5P | H144: What word describes connecting a charged object to the ground to remove its charge? | I144: Earthing | J144: Grounding; Earthed | K144: Minor | L144: Near-duplicate of 11-015 (name for connecting a charged object to the ground: Earthing). | M144: Remove.
A145: edexcel-phys-11-040 | B145: Edexcel | C145: Physics | D145: Separate only | E145: Both | F145: Static electricity | G145: 11.8P | H145: What name is given to the region where a charged object feels a force? | I145: Electric field | K145: Minor | L145: Duplicate of 11-026 (region where a charge feels a force: Electric field). | M145: Remove.
A146: edexcel-phys-13-037 | B146: Edexcel | C146: Physics | D146: Separate only | E146: Higher only | F146: Electromagnetic induction | G146: 13.11P | H146: The voltage is raised 10 times for the same transmitted power. By what factor does the cable current change? | I146: Divided by 10 | J146: One tenth; 1/10; Falls to a tenth; 0.1 | K146: Minor | L146: A proportional-reasoning calculation (I = P/V) without the calc tag; hexOk gives the letter D from 'Divided by 10', a poor clue for an answer most students give as 'one tenth' or '1/10'. | M146: Add Calc: yes; make the main answer '1/10' (keep 'Divided by 10' as accepted) so it leaves Hex Hunt.
A147: edexcel-phys-13-038 | B147: Edexcel | C147: Physics | D147: Separate only | E147: Higher only | F147: Electromagnetic induction | G147: 13.11P | H147: Voltage is raised 10 times for the same power. By what factor is the cable's wasted power reduced? | I147: Divided by 100 | J147: One hundredth; 1/100; 100 times smaller; 0.01 | K147: Minor | L147: A calculation (power loss ∝ I², so 1/10² = 1/100) without the calc tag; hexOk gives the letter D from 'Divided by 100', a poor clue for '1/100'. | M147: Add Calc: yes; make the main answer '1/100' (keep 'Divided by 100' as accepted) so it leaves Hex Hunt.
A148: edexcel-phys-13-047 | B148: Edexcel | C148: Physics | D148: Separate and Combined | E148: Higher only | F148: Electromagnetic induction | G148: 13.2 | H148: A magnet is held still inside a coil. What potential difference is induced? | I148: Zero | J148: None; 0 V | K148: Minor | L148: Same scenario as 13-003 (a magnet held still inside a coil); the two can come up together and give each other away. | M148: Remove, or change the scenario (e.g. 'A wire is held still between the poles of a magnet. What p.d. is induced?').
A149: edexcel-phys-15-012 | B149: Edexcel | C149: Physics | D149: Separate and Combined | E149: Both | F149: Forces and matter | G149: 15.4 | H149: What name is given to the energy store of a stretched spring? | I149: Elastic potential energy | J149: Elastic energy; elastic store; elastic potential store; strain energy | K149: Minor | L149: Near-duplicate of the 3-conservation-of-energy question 'What energy store does a stretched spring have?'. | M149: Remove, or replace with another 15.4 item.
A150: edexcel-phys-15-015 | B150: Edexcel | C150: Physics | D150: Separate and Combined | E150: Both | F150: Forces and matter | G150: 15.4 | H150: A spring is stretched twice as far within its elastic limit. By what factor does the stored energy increase? | I150: Four | J150: 4; ×4; four times | K150: Minor | L150: A proportional-reasoning calculation (E ∝ x², 2² = 4) without the calc tag. | M150: Add Calc: yes.
A151: edexcel-phys-15-043 | B151: Edexcel | C151: Physics | D151: Separate only | E151: Higher only | F151: Forces and matter | G151: 15.13P | H151: Explain why the pressure in a liquid increases with depth. | I151: More liquid above, so greater weight | J151: Weight of liquid above increases; taller column of liquid above | K151: Minor | L151: Near-duplicate of 15-041 (why pressure increases with depth: more liquid above, so more weight). | M151: Remove, or refocus on density as well as depth (e.g. 'Why does pressure at a given depth depend on the liquid's density?').
A152: edexcel-phys-15-060 | B152: Edexcel | C152: Physics | D152: Separate and Combined | E152: Both | F152: Forces and matter | G152: 15.2 | H152: Give an example of an object that distorts elastically. | I152: Rubber band | J152: Spring; Elastic band; Trampoline | K152: Minor | L152: Open 'give an example' question with hexOk on: the Hex Hunt letter R fixes 'rubber band', but 'spring', the commonest answer, starts with S. | M152: Turn hexOk off (e.g. make the answer 'Any elastic object, e.g. rubber band'), or reword to 'Name a stretchy loop of rubber that distorts elastically'.
A153: edexcel-phys-15-061 | B153: Edexcel | C153: Physics | D153: Separate and Combined | E153: Both | F153: Forces and matter | G153: 15.2 | H153: What name is given to the point beyond which a spring no longer returns to its original length? | I153: Elastic limit | J153: Limit of proportionality | K153: Minor | L153: 'Limit of proportionality' is accepted, but it is a different point from the elastic limit (beyond it the spring may still return to its original length). | M153: Remove 'Limit of proportionality' from the accepted answers.
A154: edexcel-phys-2-003 | B154: Edexcel | C154: Physics | D154: Separate and Combined | E154: Both | F154: Motion and forces | G154: 2.1 | H154: Temperature is a scalar. Explain why, in terms of magnitude and direction. | I154: Has magnitude but no direction | J154: Has size but no direction; has no direction | K154: Minor | L154: hexOk is true but this is an explanation; common correct answers start 'No direction' or 'Only magnitude', not with H. | M154: Set hexOk false.
A155: edexcel-phys-2-005 | B155: Edexcel | C155: Physics | D155: Separate and Combined | E155: Both | F155: Motion and forces | G155: 2.2 | H155: A force is drawn as an arrow on a diagram. What two things about the force does the arrow show? | I155: Magnitude and direction | J155: Size and direction | K155: Minor | L155: hexOk is true but 'Size and direction' (accepted, and very common) starts with S, not M. | M155: Set hexOk false.
A156: edexcel-phys-2-006 | B156: Edexcel | C156: Physics | D156: Separate and Combined | E156: Both | F156: Motion and forces | G156: 2.2 | H156: Why must a direction be given when stating a displacement? | I156: Displacement is a vector | J156: Displacement has direction as well as magnitude; it is a vector quantity | K156: Minor | L156: hexOk is true but this is an explanation; students commonly write 'It is a vector' or 'It has direction', not starting with D. | M156: Set hexOk false.
A157: edexcel-phys-2-007 | B157: Edexcel | C157: Physics | D157: Separate and Combined | E157: Both | F157: Motion and forces | G157: 2.3 | H157: What is the difference between a vector quantity and a scalar quantity? | I157: A vector has direction; a scalar does not | J157: Vector has magnitude and direction, scalar only magnitude | K157: Minor | L157: hexOk is true but this is an explanation; 'A scalar has no direction' or 'Vector has magnitude and direction' are equally correct and start differently. | M157: Set hexOk false.
... A197: edexcel-phys-5-037 | B197: Edexcel | C197: Physics | D197: Separate and Combined | E197: Both | F197: Light and the electromagnetic spectrum | G197: 5.11 | H197: Moving along the electromagnetic spectrum from radio waves to gamma rays, what happens to the wavelength? | I197: Decreases | J197: Gets shorter | K197: Minor | L197: hexOk is true but 'Gets shorter' (accepted, very common for wavelength) starts with G, not D. | M197: Set hexOk false.
A198: edexcel-phys-5-043 | B198: Edexcel | C198: Physics | D198: Separate and Combined | E198: Higher only | F198: Light and the electromagnetic spectrum | G198: 5.13 | H198: Name the four things a substance may do to an electromagnetic wave that hits it. | I198: Absorb, transmit, refract, reflect | K198: Minor | L198: hexOk is true but the four processes can be listed in any order, so the first letter is not fixed. | M198: Set hexOk false.
A199: edexcel-phys-5-044 | B199: Edexcel | C199: Physics | D199: Separate and Combined | E199: Higher only | F199: Light and the electromagnetic spectrum | G199: 5.13 | H199: A glass prism splits white light into colours. Why? | I199: Different wavelengths refract by different amounts | J199: Each colour refracts by a different amount | K199: Minor | L199: Duplicate of edexcel-phys-4-036 (prism splits white light: different wavelengths refract by different amounts). | M199: Remove one of the two.
A200: edexcel-phys-5-045 | B200: Edexcel | C200: Physics | D200: Separate and Combined | E200: Higher only | F200: Light and the electromagnetic spectrum | G200: 5.13 | H200: Glass transmits visible light but absorbs much ultraviolet. What does the effect of a substance on EM waves depend on? | I200: Wavelength | J200: Frequency; wavelength of the wave | K200: Minor | L200: Near-duplicate of edexcel-phys-4-037 (effect depends on wavelength); also hexOk is true but 'Frequency' (accepted) starts with F. | M200: Remove, or set hexOk false.
A201: edexcel-phys-5-046 | B201: Edexcel | C201: Physics | D201: Separate and Combined | E201: Higher only | F201: Light and the electromagnetic spectrum | G201: 5.14 | H201: What happens to the speed of light as it passes from air into glass? | I201: Decreases | J201: Slows down; goes down | K201: Minor | L201: hexOk is true but 'Slows down' (accepted, the most common answer) starts with S, not D. | M201: Set hexOk false.
A202: edexcel-phys-5-047 | B202: Edexcel | C202: Physics | D202: Separate and Combined | E202: Higher only | F202: Light and the electromagnetic spectrum | G202: 5.14 | H202: Light passes from air into glass. What happens to its frequency? | I202: Stays the same | J202: No change; unchanged | K202: Minor | L202: hexOk is true but 'No change' and 'Unchanged' (accepted) start with N and U, not S. | M202: Set hexOk false.
A203: edexcel-phys-5-053 | B203: Edexcel | C203: Physics | D203: Separate only | E203: Higher only | F203: Light and the electromagnetic spectrum | G203: 5.16P | H203: For a body to stay at a constant temperature, how must the average power it radiates compare with the average power it absorbs? | I203: Equal | J203: The same; equal to it | K203: Minor | L203: hexOk is true but 'The same' (accepted, common) scores S, not E. | M203: Set hexOk false.
A204: edexcel-phys-5-056 | B204: Edexcel | C204: Physics | D204: Separate only | E204: Higher only | F204: Light and the electromagnetic spectrum | G204: 5.17P | H204: A body radiates less average power than it absorbs. What happens to its temperature? | I204: Increases | J204: Rises; gets hotter | K204: Minor | L204: hexOk is true but 'Rises' and 'Gets hotter' (accepted, common) start with R and G, not I. | M204: Set hexOk false.
A205: edexcel-phys-5-057 | B205: Edexcel | C205: Physics | D205: Separate only | E205: Higher only | F205: Light and the electromagnetic spectrum | G205: 5.17P | H205: A body radiates more average power than it absorbs. What happens to its temperature? | I205: Decreases | J205: Falls; cools down | K205: Minor | L205: hexOk is true but 'Falls' and 'Cools down' (accepted, common) start with F and C, not D. | M205: Set hexOk false.
A206: edexcel-phys-5-059 | B206: Edexcel | C206: Physics | D206: Separate only | E206: Higher only | F206: Light and the electromagnetic spectrum | G206: 5.18P | H206: Name a greenhouse gas that absorbs infrared radiation emitted by the Earth. | I206: Carbon dioxide | J206: CO2; methane; water vapour | K206: Minor | L206: hexOk is true but 'Name a greenhouse gas' has several correct answers (methane, water vapour) with different letters. | M206: Set hexOk false.
A207: edexcel-phys-5-063 | B207: Edexcel | C207: Physics | D207: Separate only | E207: Both | F207: Light and the electromagnetic spectrum | G207: 5.19P | H207: Which surface emits infrared radiation at the greatest rate: matt black or shiny silver? | I207: Matt black | J207: Black | K207: Minor | L207: hexOk is true but 'Black' (accepted, common) starts with B, not M. | M207: Set hexOk false.
A208: edexcel-phys-5-064 | B208: Edexcel | C208: Physics | D208: Separate only | E208: Both | F208: Light and the electromagnetic spectrum | G208: 5.19P | H208: In the surfaces practical with a Leslie cube, why is the detector kept the same distance from each face? | I208: Reading depends on distance | J208: Distance affects the reading; fair test; control variable | K208: Minor | L208: hexOk is true but this is an explanation; equally correct answers (including accepted ones) start with other letters. | M208: Set hexOk false.
A209: edexcel-phys-5-065 | B209: Edexcel | C209: Physics | D209: Separate only | E209: Both | F209: Light and the electromagnetic spectrum | G209: 5.19P | H209: Boiling tubes with different surfaces are filled with hot water. Why must every tube start at the same temperature? | I209: Cooling rate depends on temperature | J209: Hotter water radiates faster; fair test | K209: Minor | L209: hexOk is true but this is an explanation; equally correct answers (including accepted ones) start with other letters. | M209: Set hexOk false.
A210: edexcel-phys-5-066 | B210: Edexcel | C210: Physics | D210: Separate and Combined | E210: Both | F210: Light and the electromagnetic spectrum | G210: 5.20 | H210: How does the potential danger of an electromagnetic wave change as its frequency increases? | I210: Increases | J210: More dangerous; danger increases | K210: Minor | L210: hexOk is true but 'More dangerous' (accepted, common) starts with M, not I. | M210: Set hexOk false.
... A231: edexcel-phys-8-040 | B231: Edexcel | C231: Physics | D231: Separate and Combined | E231: Both | F231: Energy – forces doing work | G231: 8.12 | H231: Kettle A boils some water in 2 minutes; kettle B boils the same water in 4 minutes. Which kettle has the greater power? | I231: Kettle A | J231: A | K231: Minor | L231: hexOk is true but the game takes the letter from 'Kettle' (K) while students will write just 'A'. | M231: Set hexOk false.
A232: edexcel-phys-8-056 | B232: Edexcel | C232: Physics | D232: Separate and Combined | E232: Both | F232: Energy – forces doing work | G232: 8.12 | H232: What name is given to the rate of doing work? | I232: Power | K232: Minor | L232: Near-duplicate of edexcel-phys-8-052 and -039 (rate of energy transfer / doing work, answer Power). | M232: Remove, or keep only one 'what is power' recall question.
A233: edexcel-phys-8-057 | B233: Edexcel | C233: Physics | D233: Separate and Combined | E233: Both | F233: Energy – forces doing work | G233: 8.5 | H233: Which force do you do work against when lifting an object? | I233: Gravity | J233: Weight | K233: Minor | L233: hexOk is true but 'Weight' (accepted, and the better physics answer) starts with W, not G. | M233: Set hexOk false.
A234: edexcel-phys-8-059 | B234: Edexcel | C234: Physics | D234: Separate and Combined | E234: Both | F234: Energy – forces doing work | G234: 8.7 | H234: Which energy store increases when a car brakes and its brakes get hot? | I234: Thermal energy store | J234: Thermal | K234: Minor | L234: Near-duplicate of edexcel-phys-3-016 (car brakes: kinetic energy goes to the thermal store of the brakes). | M234: Remove one of the two.
A235: edexcel-phys-8-062 | B235: Edexcel | C235: Physics | D235: Separate and Combined | E235: Both | F235: Energy – forces doing work | G235: 8.14 | H235: What does one watt equal in joules per second? | I235: One joule per second | J235: 1 J/s | K235: Minor | L235: Near-duplicate of edexcel-phys-8-046 (one watt = one joule per second). | M235: Remove one of the two.
A236: edexcel-phys-8-064 | B236: Edexcel | C236: Physics | D236: Separate and Combined | E236: Both | F236: Energy – forces doing work | G236: 8.6 | H236: How much work is done when a force of one newton moves an object one metre? | I236: One joule | J236: 1 J; 1 joule | K236: Minor | L236: Near-duplicate of edexcel-phys-8-022 (one newton-metre = one joule). | M236: Remove one of the two.
A237: edexcel-phys-9-003 | B237: Edexcel | C237: Physics | D237: Separate and Combined | E237: Both | F237: Forces and their effects | G237: 9.1 | H237: A book rests on a table. What is the upward contact force from the table on the book called? | I237: Normal contact force | J237: Normal force; normal reaction; reaction force; contact force | K237: Minor | L237: hexOk is true but 'Reaction force' and 'Contact force' (accepted, common) start with R and C, not N. | M237: Set hexOk false.
A238: edexcel-phys-9-006 | B238: Edexcel | C238: Physics | D238: Separate and Combined | E238: Both | F238: Forces and their effects | G238: 9.1 | H238: How do the sizes and directions of the two forces in an interaction pair compare? | I238: Equal in size, opposite in direction | J238: Equal and opposite; same size, opposite directions | K238: Minor | L238: hexOk is true but 'Same size, opposite directions' (accepted, common) starts with S, not E. | M238: Set hexOk false.
A239: edexcel-phys-9-010 | B239: Edexcel | C239: Physics | D239: Separate and Combined | E239: Both | F239: Forces and their effects | G239: 9.2 | H239: Explain why velocity is a vector quantity but speed is a scalar. | I239: Velocity has direction; speed has magnitude only | J239: Velocity has magnitude and direction, speed has no direction; speed has no direction | K239: Minor | L239: hexOk is true but this is an explanation; equally correct answers (including accepted ones) start with other letters. | M239: Set hexOk false.
A240: edexcel-phys-9-016 | B240: Edexcel | C240: Physics | D240: Separate and Combined | E240: Higher only | F240: Forces and their effects | G240: 9.4 | H240: On a free body diagram, what does the length of each force arrow show? | I240: Size of the force | J240: Magnitude of the force; magnitude; size; how big the force is | K240: Minor | L240: hexOk is true but 'Magnitude' (accepted, common) starts with M, not S. | M240: Set hexOk false.
A241: edexcel-phys-9-017 | B241: Edexcel | C241: Physics | D241: Separate and Combined | E241: Higher only | F241: Forces and their effects | G241: 9.4 | H241: A free body diagram shows a 20 N force to the right and a 5 N force to the left. What is the resultant force? | I241: 15 N to the right | J241: 15 N right; 15 N | K241: Minor | L241: Tagged Higher only via bold 9.5/9.4, but adding forces along a line and 'zero resultant at constant velocity/at rest' are Foundation content in 2.14 and 2.15 (compare edexcel-phys-2-048 and 2-054, tagged Both). | M241: Retag to Ref 2.14 (Foundation and Higher), or accept the Higher-only tag as deliberate.
A242: edexcel-phys-9-018 | B242: Edexcel | C242: Physics | D242: Separate and Combined | E242: Higher only | F242: Forces and their effects | G242: 9.4 | H242: A box's free body diagram shows 30 N up, 30 N down, 12 N right and 4 N left. What is the resultant force? | I242: 8 N to the right | J242: 8 N right; 8 N | K242: Minor | L242: Tagged Higher only via bold 9.5/9.4, but adding forces along a line and 'zero resultant at constant velocity/at rest' are Foundation content in 2.14 and 2.15 (compare edexcel-phys-2-048 and 2-054, tagged Both). | M242: Retag to Ref 2.14 (Foundation and Higher), or accept the Higher-only tag as deliberate.
A243: edexcel-phys-9-019 | B243: Edexcel | C243: Physics | D243: Separate and Combined | E243: Higher only | F243: Forces and their effects | G243: 9.5 | H243: What word describes the forces on an object when the resultant force on it is zero? | I243: Balanced | J243: Balanced forces; in equilibrium; equilibrium | K243: Minor | L243: hexOk is true but 'Equilibrium' / 'In equilibrium' (accepted) start with E or I, not B. | M243: Set hexOk false.
A244: edexcel-phys-9-020 | B244: Edexcel | C244: Physics | D244: Separate and Combined | E244: Higher only | F244: Forces and their effects | G244: 9.5 | H244: An object moves at a constant velocity. What is the resultant force on it? | I244: Zero | J244: 0 N; no resultant force; zero newtons | K244: Minor | L244: Tagged Higher only via bold 9.5/9.4, but adding forces along a line and 'zero resultant at constant velocity/at rest' are Foundation content in 2.14 and 2.15 (compare edexcel-phys-2-048 and 2-054, tagged Both). Also near-duplicate of edexcel-phys-2-048. | M244: Retag to Ref 2.14 (Foundation and Higher), or remove as a duplicate.
... A251: edexcel-phys-9-044 | B251: Edexcel | C251: Physics | D251: Separate and Combined | E251: Both | F251: Forces and their effects | G251: 9.10 | H251: Give one example of a lubricant used on a bicycle chain. | I251: Oil | J251: Grease | K251: Minor | L251: hexOk is true but 'Give one example' has two accepted answers (Oil, Grease) with different letters. | M251: Set hexOk false.
A252: edexcel-phys-9-045 | B252: Edexcel | C252: Physics | D252: Separate and Combined | E252: Higher only | F252: Forces and their effects | G252: 9.5 | H252: A 6 N force acts east and an 8 N force acts west on an object. What is the resultant force? | I252: 2 N west | K252: Minor | L252: Tagged Higher only via bold 9.5/9.4, but adding forces along a line and 'zero resultant at constant velocity/at rest' are Foundation content in 2.14 and 2.15 (compare edexcel-phys-2-048 and 2-054, tagged Both). Also no accepted alternatives ('2 N to the west', '2 N'). | M252: Retag to Ref 2.14 (Foundation and Higher); add Accept: 2 N to the west; 2 N towards the west.
A253: edexcel-phys-9-047 | B253: Edexcel | C253: Physics | D253: Separate and Combined | E253: Higher only | F253: Forces and their effects | G253: 9.4 | H253: On a free body diagram, the forces are equal and opposite in pairs. What is the object doing? | I253: At rest or moving at constant velocity | J253: Stationary; Constant velocity; Balanced forces | K253: Minor | L253: Tagged Higher only via 9.4, but 'balanced forces means at rest or constant velocity' is Newton's first law, 2.14a (Foundation and Higher). | M253: Retag to Ref 2.14 (Foundation and Higher).
A254: edexcel-phys-9-048 | B254: Edexcel | C254: Physics | D254: Separate and Combined | E254: Both | F254: Forces and their effects | G254: 9.1 | H254: A magnet attracts a paperclip without touching it. What type of force is this? | I254: Non-contact force | J254: Magnetic force; Non-contact | K254: Minor | L254: hexOk is true but 'Magnetic force' (accepted, very likely here) starts with M, not N. | M254: Set hexOk false.
